Barcode,Ecinvitro_rep2_DNA,Ecinvitro_rep2_RNA,Ecinvitro_rep2_DNA_Ecinvitro_rep2_RNA_tx,Ecinvitro_rep2_DNA_Ecinvitro_rep2_RNA_tx_log10
GCATGGCTGTTT,44.0,2.0,0.047918534564564366,-1.319496471926232
AACGAGGTTGCT,34.0,,no_RNA_counts,
ATGACATATCCG,36.0,4.0,0.11713419560226845,-0.9313163005433507
CCCTGTGTGTTT,71.0,3.0,0.044543989876918995,-1.3512108851034386
GCATCGCATTTC,44.0,5.0,0.11979633641141091,-0.9215564632541945
TTGTCCCGGGTT,13.0,194.0,15.732023501658517,1.1967845865193634
GACGAGGAATCT,1.0,,low_DNA_counts,
AATGGCGCGGTA,8.0,,low_DNA_counts,
GAACAAACCCGG,95.0,3.0,0.03329077138169735,-1.4776761416732112
AGCTCTCATTTC,54.0,74.0,1.4446550790946442,0.1597641688039818
CATACGTCGTGA,21.0,1.0,0.05020036954382934,-1.2992930858379452
GGGCGATTGTGA,20.0,12.0,0.6325246562522497,-0.19892254072038215
AAACGACATCGG,55.0,8.0,0.15333931060660597,-0.8143464936063262
CTGTCGAAATTG,15.0,,no_RNA_counts,
GTAGCTTTGGGT,22.0,1.0,0.047918534564564366,-1.319496471926232
CTCAGGGATCAG,7.0,,low_DNA_counts,
AAGCGTTCGAGA,26.0,2.0,0.08109290464772433,-1.0910171434108626
TACGACCGGAGA,16.0,,no_RNA_counts,
CATAAGGCTCAA,43.0,1.0,0.02451645954466084,-1.6105422466836123
CTCGGCGATTAC,16.0,1.0,0.065887985026276,-1.1811937737599507
ACGCACCACAAT,34.0,1.0,0.031006110600600472,-1.508552708146281
TGGAGAGTGTGA,4.0,1.0,low_DNA_counts,
TGCTCCAACAGA,13.0,,no_RNA_counts,
ACACAGGATCTC,21.0,2.0,0.10040073908765867,-0.998263090173964
GCGGATACATTG,40.0,,no_RNA_counts,
AAGGTAGACGTG,99.0,3.0,0.03194568970970958,-1.4955877309819132
CCACCAATCCAA,37.0,3.0,0.08547630489895267,-1.0681542604513583
CGAGGTATACGA,3.0,,low_DNA_counts,
ACGACCGTGGAA,7.0,2.0,low_DNA_counts,
AGGCCAGAAACG,12.0,4.0,0.3514025868068054,-0.45419504582368825
CAACGTCCTATC,5.0,,low_DNA_counts,
AGGGCTAACGTT,37.0,30.0,0.8547630489895265,-0.06815426045135844
GCAAGATGTACA,86.0,1.0,0.01225822977233042,-1.9115722423475936
CAACACTGCTTT,2.0,,low_DNA_counts,
CTGAAAGGCTGT,4.0,,low_DNA_counts,
ATTGCATCTCTG,27.0,2.0,0.07808946373484563,-1.107407559599032
GTCAGAACACGT,60.0,29.0,0.5095337508698679,-0.2928270435887133
GTAGCCTATCCT,60.0,1.0,0.017570129340340267,-1.7552250414876696
AGTCAGGACAGT,15.0,9.0,0.6325246562522496,-0.19892254072038223
GCGGTTTAAGCA,23.0,8.0,0.3666809601462317,-0.4357116401296751
GTAGTCGTTGCA,71.0,,no_RNA_counts,
TACTTGTTCCCT,45.0,,no_RNA_counts,
ACAGCGTAGCGT,4.0,1.0,low_DNA_counts,
CAATCCGACCGA,35.0,8.0,0.24096177381038084,-0.6180518484623578
CACGGCTTGAAA,5.0,11.0,low_DNA_counts,
TGGGTTGCCTAG,8.0,71.0,low_DNA_counts,
AAGTGTCGACAA,18.0,5.0,0.29283548900567113,-0.5333762918713131
ATACCCGCTGTT,35.0,2.0,0.06024044345259521,-1.2201118397903203
CCTTGATGAGCC,19.0,2.0,0.11096923793899116,-0.9547973963928736
CATGGATAGGCA,66.0,1.0,0.01597284485485479,-1.7966177266458945
GTATGGACGGAC,1.0,1.0,low_DNA_counts,
GATGAGACTAGA,7.0,1.0,low_DNA_counts,
CAGAAGCGTTGC,23.0,2.0,0.09167024003655792,-1.0377716314576375
TCCTGATAGAGC,26.0,1.0,0.04054645232386216,-1.3920471390748437
ACACACTGAGGG,15.0,8.0,0.5622441388908885,-0.25007506316776357
AACCGCCAACTG,35.0,4.0,0.12048088690519042,-0.9190818441263391
TTGGTCCTTTGG,85.0,1.0,0.01240244424024019,-1.9064927168183186
TGATCGAGTCAG,15.0,7.0,0.49196362152952755,-0.30806701014545024
CTCAAGTACAGC,73.0,4.0,0.057764808790159786,-1.2383366598965193
GAGGACTCGAAG,29.0,2.0,0.07270398347727007,-1.1384417933390008
GAGTCGCATGAT,9.0,,low_DNA_counts,
CCAACACCGACT,21.0,2.0,0.10040073908765867,-0.998263090173964
ATCTGTGTCGAC,33.0,3.0,0.09583706912912875,-1.0184664762622508
TGAGGAGGGAAC,11.0,2.0,0.19167413825825746,-0.7174364805982697
GAGCAACGTCAA,12.0,1.0,0.08785064670170135,-1.0562550371516506
CCGTGAAACGCT,13.0,3.0,0.243278713943173,-0.6138958886912
CCGATCTAGGAT,14.0,,no_RNA_counts,
GACCGTCGACTT,15.0,1.0,0.07028051736136107,-1.153165050159707
CAAAGTGGTTTC,29.0,,no_RNA_counts,
TCGTACAAGTAC,41.0,3.0,0.07713715320149386,-1.112736393104099
GAAACAGTTCCG,254.0,8.0,0.03320339402898948,-1.4788175207320204
GTGACAGGAACG,28.0,,no_RNA_counts,
CTGATGCTCCAC,32.0,1.0,0.032943992513138,-1.4822237694239317
TGTGATGCCCAA,11.0,2.0,0.19167413825825746,-0.7174364805982697
TTTGACACCGCT,8.0,25.0,low_DNA_counts,
GTCCTGGGTTGT,287.0,,no_RNA_counts,
CAGAACATTTGG,21.0,,no_RNA_counts,
AATCGGTCGTGC,55.0,1.0,0.019167413825825746,-1.7174364805982698
TAGGTACACAGC,51.0,3.0,0.06201222120120095,-1.2075227124822998
CGCTATGGCTAA,,56.0,no_DNA_counts,
TCTCGTCCAAAG,16.0,,no_RNA_counts,
TCCCTGAGTGTA,19.0,,no_RNA_counts,
AGACCTACCGAT,18.0,6.0,0.35140258680680536,-0.4541950458236883
TGGGTCCATCTT,15.0,2.0,0.14056103472272213,-0.8521350544957259
CGCTGACCAAAT,38.0,,no_RNA_counts,
TTGTCTGCTTAC,26.0,7.0,0.28382516626703513,-0.546949099060587
CTTGAAGGGATG,279.0,5.0,0.01889261219391427,-1.7237079900416046
CGTAAACAGATG,16.0,,no_RNA_counts,
GAGGAGAGAACA,32.0,4.0,0.131775970052552,-0.8801637780959695
GATGGCTTCCCA,4.0,,low_DNA_counts,
GGAGCAGAGAAC,20.0,12.0,0.6325246562522497,-0.19892254072038215
CCACTGATTCCA,5.0,,low_DNA_counts,
GGACTGATTCCG,28.0,3.0,0.11295083147361602,-0.9471105677265825
CATCAATGTCCG,13.0,9.0,0.7298361418295188,-0.13677463397153775
GTAGGCAGCTTG,93.0,1.0,0.01133556731634856,-1.945556739657961
CGTAAACCTTCG,29.0,23.0,0.8360958099886059,-0.07774395298538905
TGCTCGAGAATC,16.0,,no_RNA_counts,
GGGTTCACATAC,35.0,1.0,0.030120221726297604,-1.5211418354543014
GGAAAGAAGCCG,28.0,3.0,0.11295083147361602,-0.9471105677265825
TCTATGTAGTCC,26.0,,no_RNA_counts,
ACAGCGTGTGTG,15.0,1.0,0.07028051736136107,-1.153165050159707
TGTGTTCCCTGA,37.0,1.0,0.02849210163298422,-1.545275515171021
TTTGCAGGCGGT,33.0,1.0,0.03194568970970958,-1.4955877309819132
GTCCAACGTGAT,6.0,1.0,low_DNA_counts,
TATGGGCGAGAT,13.0,,no_RNA_counts,
GATGAAGGTCGT,,,no_DNA_counts,
TCGCGTGATACG,7.0,,low_DNA_counts,
GACACGCTTAAC,15.0,2.0,0.14056103472272213,-0.8521350544957259
CAAGCCGTGGAA,14.0,,no_RNA_counts,
TAGAAGGCTAGA,3.0,,low_DNA_counts,
TGAGGAGGTCGT,16.0,20.0,1.3177597005255202,0.11983622190403058
GATGAAGCATTC,,,no_DNA_counts,
GGAGTGAAGGTA,43.0,1.0,0.02451645954466084,-1.6105422466836123
GACGCTATGTCT,34.0,6.0,0.18603666360360285,-0.7304014577626373
ACCTCTACGAGC,13.0,,no_RNA_counts,
ATCAGGTGCATA,32.0,25.0,0.82359981282845,-0.08428376075189427
CTGCCCAAATGT,23.0,1.0,0.04583512001827896,-1.3388016271216188
CTGGTGAAACGC,24.0,1.0,0.04392532335085068,-1.3572850328156318
GGTAACTACGAG,19.0,3.0,0.16645385690848677,-0.7787061373371923
CCGTGAAGTCGT,20.0,,no_RNA_counts,
GAGGAATCGTTC,14.0,,no_RNA_counts,
TCCTCTCACCAT,26.0,1.0,0.04054645232386216,-1.3920471390748437
CCCATATGGGTT,17.0,1.0,0.062012221201200944,-1.2075227124822998
CTTACACGCCCT,17.0,1.0,0.062012221201200944,-1.2075227124822998
GCTGAGCGTTTC,6.0,1.0,low_DNA_counts,
GTTCGAGGTTTC,64.0,3.0,0.04941598876970701,-1.3061325103682506
AAGCAGACACTT,88.0,1.0,0.011979633641141092,-1.9215564632541944
ACCAAGAGTTCC,81.0,3.0,0.03904473186742282,-1.408437555263013
CACTGAGTCTAC,44.0,6.0,0.1437556036936931,-0.8423752172065696
AGTTCTCTGCTT,10.0,,no_RNA_counts,
CAGGTAACGTGA,18.0,9.0,0.527103880210208,-0.27810378676800707
GTTGCGGTTCCA,8.0,,low_DNA_counts,
GACCGTAGCAAG,64.0,4.0,0.065887985026276,-1.1811937737599507
ATGCTTCTGAGG,45.0,,no_RNA_counts,
TACTTGTGGGTC,3.0,1.0,low_DNA_counts,
TCTCGGACAATC,9.0,1.0,low_DNA_counts,
GAACGAGGAAGA,31.0,,no_RNA_counts,
AGCTCTTGGACA,33.0,44.0,1.4056103472272217,0.14786494550427418
GAGGAACACTAG,38.0,,no_RNA_counts,
AAGGCCTACAAA,7.0,5.0,low_DNA_counts,
GTGCGACCTATA,12.0,,no_RNA_counts,
GTTGGCTGCTAA,9.0,,low_DNA_counts,
TACGAAGCAGCT,75.0,1.0,0.014056103472272215,-1.8521350544957258
TTTGAGATCGGG,5.0,,low_DNA_counts,
TTCCAGCGAATC,78.0,3.0,0.04054645232386216,-1.3920471390748437
ACTGAACGGAGG,80.0,38.0,0.5007486861996977,-0.30038018147915924
CTTGCAAAGGCA,19.0,3.0,0.16645385690848677,-0.7787061373371923
TACGTAGCGGTG,151.0,1.0,0.006981508347155074,-2.1560507383971954
GGGATTGCCTAT,39.0,4.0,0.10812387286363243,-0.9660784068025626
ACTCGGCAATCG,28.0,2.0,0.075300554315744,-1.1232018267822639
ACCATGAAGGTG,13.0,30.0,2.4327871394317295,0.38610411130879985
TTGAGGTGTCCC,32.0,16.0,0.527103880210208,-0.27810378676800707
ACGGGTTCGGTA,71.0,,no_RNA_counts,
TCCATCTCTGAC,9.0,1.0,low_DNA_counts,
GAGTGTGTGAGA,27.0,2.0,0.07808946373484563,-1.107407559599032
CCTTTGCAGAGT,171.0,10.0,0.06164957663277287,-1.2100699014961798
ACCCTGGATACT,25.0,1.0,0.042168310416816644,-1.3750137997760634
GTGACCACTGCT,38.0,3.0,0.08322692845424338,-1.0797361330011734
AGGCAGACAACA,67.0,,no_RNA_counts,
ATCCCGTGTGCT,19.0,,no_RNA_counts,
TCTTGCTACCAA,8.0,,low_DNA_counts,
GAATGCATCCGT,20.0,,no_RNA_counts,
CGTTTCACTACA,83.0,,no_RNA_counts,
CCTCGACACATT,7.0,2.0,low_DNA_counts,
GGTTATCTGGTG,28.0,5.0,0.18825138578936004,-0.7252618181102262
TCGGCAAATACC,69.0,1.0,0.01527837333942632,-1.8159228818412811
TGAGGCATAGGC,7.0,,low_DNA_counts,
CTCGTAAAGGTT,35.0,1.0,0.030120221726297604,-1.5211418354543014
CTGGGTGGTTTG,24.0,,no_RNA_counts,
TGCGGACAGGTT,25.0,3.0,0.12650493125044995,-0.8978925450564009
TTCATCACCTCT,21.0,6.0,0.3012022172629761,-0.5211418354543014
AGTTCGCAGTTG,48.0,2.0,0.04392532335085068,-1.3572850328156318
CTGTACTGTACT,11.0,11.0,1.054207760420416,0.02292620889597415
AACGGATGTCGT,4.0,,low_DNA_counts,
GATAGGGTCTGC,47.0,48.0,1.0766377127697868,0.032069588335843974
TGGTAGAACGTG,34.0,3.0,0.09301833180180143,-1.0314314534266185
TGCTCGTCTGCT,37.0,16.0,0.4558736261277475,-0.34115553251509606
CTCCATAATCGC,29.0,5.0,0.18175995869317518,-0.7405017846669631
TAAGGTGGTGTA,232.0,3.0,0.013631996901988139,-1.8654405212752632
GTAAGAGGCAAG,,23.0,no_DNA_counts,
CAATACCCATTG,39.0,7.0,0.18921677751135674,-0.7230403581162682
GTCTTCACGTGC,11.0,7.0,0.6708594839039012,-0.17336843624799406
ACTGCGCGAAAC,5.0,6.0,low_DNA_counts,
AGTGCCGTGAGT,156.0,44.0,0.29734065037498913,-0.5267457129723
TTGTGGGTAAGC,6.0,,low_DNA_counts,
GTAACACGCGGT,31.0,,no_RNA_counts,
ATTATGGGACGG,22.0,5.0,0.23959267282282182,-0.6205264675902133
GGTAGGATAGAC,,,no_DNA_counts,
ATGAGTTCCGAT,,,no_DNA_counts,
AAGACTGACCAT,40.0,,no_RNA_counts,
TTGGTCCTTGCA,44.0,1.0,0.023959267282282183,-1.6205264675902133
TACCAGGGTACA,38.0,33.0,0.915496212996677,-0.03834344784294857
ATCGTAGAGGTC,54.0,151.0,2.9478772559904227,0.46950939636617506
AAATTGCGCGTC,,,no_DNA_counts,
CCTGGTATCTCT,6.0,2.0,low_DNA_counts,
GGGTTGTCGTAG,49.0,3.0,0.06454333227063772,-1.1901486164128772
CAGAAACGACAT,23.0,,no_RNA_counts,
TCCGCATCTAGT,38.0,,no_RNA_counts,
AGTCCTACAACC,20.0,2.0,0.10542077604204161,-0.9770737911040258
AACACCGTGTGG,43.0,2.0,0.04903291908932168,-1.309512251019631
ATCCCGGAATTG,16.0,,no_RNA_counts,
AGTGAACCCAGC,13.0,2.0,0.16218580929544865,-0.7899871477468814
TCGTTGCGAAGC,69.0,6.0,0.09167024003655792,-1.0377716314576375
GTGTGTATCATG,44.0,2.0,0.047918534564564366,-1.319496471926232
GTAGATCGAAGT,51.0,3.0,0.06201222120120095,-1.2075227124822998
AACATACGCATG,45.0,20.0,0.4685367824090738,-0.32925630921538834
TCTGGTACACAC,13.0,1.0,0.08109290464772433,-1.0910171434108626
AGTTGATGCCTG,28.0,,no_RNA_counts,
AGGATCAAACCG,,,no_DNA_counts,
TCTTATTCCGCA,,,no_DNA_counts,
CGAAACCCAGGA,92.0,1.0,0.01145878000456974,-1.940861618449581
AGTACGGTCAGG,11.0,,no_RNA_counts,
CCAAGTGCTCAT,65.0,,no_RNA_counts,
TGCATGCTTACT,4.0,2.0,low_DNA_counts,
GGTTGCTATTTC,50.0,22.0,0.4638514145849831,-0.33362111461783844
GTCATCGTGGTT,77.0,2.0,0.027382019751179636,-1.5625345206125265
TGACACTAACGG,19.0,2.0,0.11096923793899116,-0.9547973963928736
GCTTGGCCAGTA,57.0,4.0,0.07397949195932745,-1.1308886554485549
CAATTGGCTTCC,13.0,250.0,20.27322616193108,1.306922865261175
CGAGATTGGTAG,63.0,4.0,0.06693382605843912,-1.174354349229645
ACACCGACATAC,2.0,,low_DNA_counts,
GATCGACAAGCT,9.0,,low_DNA_counts,
GGTCAAGATGTG,58.0,4.0,0.07270398347727007,-1.1384417933390008
ACAGACGGTAAG,27.0,1.0,0.03904473186742281,-1.4084375552630133
GAGAAGTCCCAT,47.0,1.0,0.022429952349370556,-1.6491716490397432
ATGGCTCCACCT,171.0,2.0,0.012329915326554574,-1.9090399058321985
TCGAACAGTAGC,21.0,203.0,10.190675017397357,1.0082029520752678
ACAAAGCCATAG,100.0,436.0,4.596345835433014,0.6624126981645602
CTTGTGGTTTGG,1.0,,low_DNA_counts,
TCTGCCCGAATC,20.0,7.0,0.36897271614714566,-0.4330057467537502
TGACCACTTTGG,4.0,,low_DNA_counts,
GGACACTGAAGC,15.0,,no_RNA_counts,
TTCCGCAAATCG,,,no_DNA_counts,
TGTCACGGTCTG,23.0,3.0,0.1375053600548369,-0.8616803724019562
TACTTCGCCAGA,93.0,2.0,0.02267113463269712,-1.6445267439939797
GTACCTTGCATC,2.0,,low_DNA_counts,
CAGGAGAATCCC,76.0,111.0,1.5396981764035023,0.18743559540184018
GTCTCCGATCGA,5.0,,low_DNA_counts,
CCTAATAGGGTG,40.0,4.0,0.10542077604204161,-0.9770737911040258
TGTAGGTAGGCA,41.0,5.0,0.12856192200248978,-0.8908876434877425
TTCCCGGATTTC,1.0,,low_DNA_counts,
CTGGTTACCGAA,16.0,1.0,0.065887985026276,-1.1811937737599507
TAAGCAACAGTG,1.0,4.0,low_DNA_counts,
CTGCCCTTTAAG,62.0,1.0,0.017003350974522838,-1.7694654806022798
AAGCCTCGTGGA,21.0,,no_RNA_counts,
ACCTACGTGGGT,82.0,1.0,0.012856192200248976,-1.8908876434877426
GTCACTCGTCTT,23.0,3.0,0.1375053600548369,-0.8616803724019562
TACTACAGCGGG,56.0,271.0,5.101612554891656,0.7077074727641794
GAATTTCAGCCA,279.0,6.0,0.022671134632697123,-1.6445267439939797
TATGAGGACCGG,2.0,311.0,low_DNA_counts,
AGGGAAAGGCTT,,45.0,no_DNA_counts,
GGTTGCTTTGAG,43.0,,no_RNA_counts,
TGTGGCTCGATA,9.0,,low_DNA_counts,
GCTGTTTGAGGA,18.0,4.0,0.2342683912045369,-0.6302863048793695
TTCTGCTACAGC,13.0,12.0,0.973114855772692,-0.011835897363237705
ATACGTTGATGG,13.0,49.0,3.973552327738491,0.599178936617651
CGAAACAGCTGA,6.0,1.0,low_DNA_counts,
CCTGTGACTAGA,38.0,1.0,0.02774230948474779,-1.556857387720836
TTTGTGCGACGT,9.0,,low_DNA_counts,
TCGACGTCTTTC,106.0,48.0,0.4773770990583016,-0.3211384189932089
CTGTTGTGTGGT,14.0,1.0,0.075300554315744,-1.1232018267822639
GCTGCGAAATCC,,,no_DNA_counts,
CACGAAGGGCTT,,,no_DNA_counts,
TAGCCCGAGTAG,53.0,,no_RNA_counts,
GCCATTCTGTGA,10.0,451.0,47.54476999496077,1.6771027507739347
CCATAGACAGGC,47.0,1.0,0.022429952349370556,-1.6491716490397432
TACCGCGAGACT,18.0,1.0,0.05856709780113423,-1.232346296207332
CCAAGTGCAAGG,63.0,4.0,0.06693382605843912,-1.174354349229645
TACGCATCGTGA,23.0,1.0,0.04583512001827896,-1.3388016271216188
ACCATCAGAAGT,72.0,4.0,0.05856709780113423,-1.232346296207332
CTCTTCAGCCAT,56.0,9.0,0.169426247210424,-0.7710193086709014
CCTGTAAGCGCT,21.0,1.0,0.05020036954382934,-1.2992930858379452
TATCGATCGCCG,13.0,1.0,0.08109290464772433,-1.0910171434108626
CTCCAATGTCCT,49.0,8.0,0.17211555272170057,-0.764179884140596
TAGGGAGTTGTC,17.0,1.0,0.062012221201200944,-1.2075227124822998
GAATGGATATGG,79.0,2.0,0.02668880406127636,-1.573670886730486
AACTGTGATCCA,6.0,1.0,low_DNA_counts,
AGAAAGTGCGAG,42.0,1.0,0.02510018477191467,-1.6003230815019263
GATCGCGACTAA,19.0,,no_RNA_counts,
AAGCTCGAGACA,82.0,2.0,0.025712384400497952,-1.5898576478237614
TGAGGAGGGTTT,58.0,,no_RNA_counts,
AAGCTGACGAAC,53.0,3.0,0.0596721373822877,-1.2242284059851525
TCGAAAGCTGTT,19.0,220.0,12.206616173289028,1.0865952887653514
TGAGGAGTAGTG,30.0,,no_RNA_counts,
GTCGCTAGCATC,27.0,,no_RNA_counts,
TTCCCAAGAGAT,2.0,,low_DNA_counts,
TGACTGGTGTGT,1.0,,low_DNA_counts,
GGTCAATCTCTT,19.0,7.0,0.38839233278646906,-0.41072935204259803
TCCAACTATCTC,13.0,2.0,0.16218580929544865,-0.7899871477468814
ACTCCTAGTGTA,35.0,2.0,0.06024044345259521,-1.2201118397903203
GGTCTCTCTTAA,71.0,2.0,0.029695993251279328,-1.52730214415912
CATTGGGCTGGA,165.0,3.0,0.01916741382582575,-1.7174364805982696
TACCCTCATGGA,,,no_DNA_counts,
TGTTCTGAACGG,21.0,509.0,25.551988097809133,1.4074246964988135
TATCCCATTACC,21.0,8.0,0.4016029563506347,-0.3962030988460015
GAACGGTTTGCG,27.0,2.0,0.07808946373484563,-1.107407559599032
GCGTATCGATAC,50.0,,no_RNA_counts,
ATGTCGAGCAAC,4.0,,low_DNA_counts,
ATCGTGTTTCGC,65.0,4.0,0.06487432371817946,-1.1879271564189189
TACCCGGATATG,,,no_DNA_counts,
AATGGCGTGATC,6.0,2.0,low_DNA_counts,
AGTCTGACACCA,7.0,2.0,low_DNA_counts,
AGCAGGTATTTC,23.0,6.0,0.2750107201096738,-0.560650376737975
GAGCCTATCAGT,5.0,1.0,low_DNA_counts,
ACCTACATGGAG,3.0,7.0,low_DNA_counts,
ATCATGGCAAAC,23.0,4.0,0.18334048007311585,-0.7367416357936564
CCGATGCTTATA,95.0,2.0,0.022193847587798233,-1.6537674007288925
TGCTTTCTCTAC,25.0,,no_RNA_counts,
GGAGAATCTAGC,19.0,2.0,0.11096923793899116,-0.9547973963928736
TCCTTCAGCGAA,2.0,,low_DNA_counts,
ACCCTTTGTCCA,28.0,4.0,0.150601108631488,-0.8221718311182827
CGGCATTTCAAG,27.0,,no_RNA_counts,
TTCCGAGAATGC,16.0,7.0,0.4612158951839321,-0.33609573374569374
TCCAGTTATCGG,58.0,,no_RNA_counts,
ATACCGCCTAGG,24.0,5.0,0.21962661675425338,-0.658315028479613
CGTGAGTGGTTT,38.0,1.0,0.02774230948474779,-1.556857387720836
TTCAAACGGCGA,33.0,1.0,0.03194568970970958,-1.4955877309819132
CCCAGCTGTTCT,5.0,,low_DNA_counts,
GGTTAGATGCCA,12.0,1.0,0.08785064670170135,-1.0562550371516506
ACCTACGCAGGA,26.0,3.0,0.1216393569715865,-0.9149258843551813
GTCGCGTGAATA,,,no_DNA_counts,
ATCTGGCGACTG,73.0,4.0,0.057764808790159786,-1.2383366598965193
CATTCCGGACTT,20.0,14.0,0.7379454322942913,-0.13197575108976897
GTGGACAAGAGC,20.0,7.0,0.36897271614714566,-0.4330057467537502
TCCAATATTCCC,52.0,,no_RNA_counts,
ACATGGGTGATG,4.0,5.0,low_DNA_counts,
ACCACAAGCTGG,21.0,3.0,0.15060110863148804,-0.8221718311182826
ATCCTTACCTGG,13.0,2.0,0.16218580929544865,-0.7899871477468814
TAGACGGAAGTA,20.0,7.0,0.36897271614714566,-0.4330057467537502
GAAGAATGCCAT,25.0,,no_RNA_counts,
GCACATCCATAA,8.0,,low_DNA_counts,
ACCGAGGACTTT,,,no_DNA_counts,
TACGTCAGTAGG,17.0,,no_RNA_counts,
TTGAGGGAGACG,65.0,,no_RNA_counts,
CTGGAAACACCG,38.0,,no_RNA_counts,
AGAACGAGAGGG,111.0,37.0,0.35140258680680536,-0.4541950458236883
ATGGACAGTCGT,118.0,2.0,0.017867928142718915,-1.7479258027461702
GTCGGCTAGTAG,111.0,1.0,0.009497367210994739,-2.0223967698906833
CATACACTCCCG,24.0,2.0,0.08785064670170135,-1.0562550371516506
TTCGACTGAGAT,11.0,56.0,5.366875871231209,0.7297215507439495
GGTTGCATGATC,48.0,4.0,0.08785064670170135,-1.0562550371516506
ATACCCGGGTTT,43.0,13.0,0.31871397408059093,-0.49659889437677557
CCACAACCAGCT,25.0,1.0,0.042168310416816644,-1.3750137997760634
TGGGTCATAAGG,2.0,,low_DNA_counts,
CGTTACAACTTG,11.0,1.0,0.09583706912912873,-1.0184664762622508
GATTGGAGTCAC,25.0,,no_RNA_counts,
ACAAACGCGGAG,,1659.0,no_DNA_counts,
GCCATCGTTACT,110.0,26.0,0.2491763797357347,-0.603493128291433
ACGTGATCGCGA,11.0,1.0,0.09583706912912873,-1.0184664762622508
CAGTCGTACGAT,8.0,6.0,low_DNA_counts,
ATCTCCGGGTCT,11.0,2.0,0.19167413825825746,-0.7174364805982697
TCGGATAGCAAG,21.0,2.0,0.10040073908765867,-0.998263090173964
CCTAGGGACTAG,96.0,4.0,0.04392532335085068,-1.3572850328156318
AGATAGGCGTGC,32.0,10.0,0.32943992513138004,-0.4822237694239318
CACCCATACCAA,10.0,,no_RNA_counts,
ACAGGAAGGTTG,56.0,1.0,0.018825138578936,-1.7252618181102262
TTGGACGTCTCC,10.0,1.0,0.10542077604204161,-0.9770737911040258
TTGACATGTTCC,19.0,3.0,0.16645385690848677,-0.7787061373371923
TCGCAGCAGTCT,31.0,1.0,0.034006701949045676,-1.4684354849382986
ACAAATCCTTCC,27.0,23.0,0.8980288329507249,-0.04670971924542025
CCACAACGATGA,1.0,,low_DNA_counts,
TTGTACTACCAG,,,no_DNA_counts,
ATATTTGGCCCA,31.0,1.0,0.034006701949045676,-1.4684354849382986
ATTGTACCCGAA,39.0,3.0,0.08109290464772433,-1.0910171434108626
ACATGGGAAGAT,3.0,,low_DNA_counts,
TGTGCACTGCCA,2.0,1.0,low_DNA_counts,
AGGTGTCACTGT,2.0,,low_DNA_counts,
GAGATACGTAGC,68.0,1.0,0.015503055300300236,-1.809582703810262
CTGCAAACTACC,3.0,,low_DNA_counts,
ATCGTAGTCAGA,21.0,792.0,39.75869267871284,1.5994320957515484
GACGTTAGATCC,17.0,29.0,1.7983544148348276,0.2548752854166563
CTCCTGAAACGG,3.0,,low_DNA_counts,
AGGTCTTACTTG,32.0,,no_RNA_counts,
TCCATACGGGTC,48.0,16.0,0.3514025868068054,-0.45419504582368825
CGAGCTTAGCGA,13.0,2.0,0.16218580929544865,-0.7899871477468814
TTGGCTTAAGCG,39.0,2.0,0.05406193643181621,-1.2671084024665438
ATATAGCCCGAT,10.0,,no_RNA_counts,
CAAGGCAAGATA,35.0,3.0,0.09036066517889282,-1.044020580734639
CACTGTTCGTAC,36.0,,no_RNA_counts,
CCATCGGACAGT,21.0,16.0,0.8032059127012694,-0.09517310318202034
GCTTACGTTGTC,32.0,2.0,0.065887985026276,-1.1811937737599507
GTTCTGCCAGGA,30.0,1.0,0.03514025868068053,-1.4541950458236883
GCCTTGTAGAGC,37.0,1.0,0.02849210163298422,-1.545275515171021
ACGTGTACCTTC,54.0,5.0,0.09761182966855704,-1.0104975465909756
CCAACTGTGCAA,14.0,,no_RNA_counts,
TGCGAAACCGGT,28.0,,no_RNA_counts,
ACTCGTGTCTGT,4.0,549.0,low_DNA_counts,
TTCTGATGCGGT,37.0,1.0,0.02849210163298422,-1.545275515171021
GTTCGTCCGGAA,31.0,2.0,0.06801340389809135,-1.1674054892743173
ACCATCACAGAG,25.0,,no_RNA_counts,
ATGAGTCACCCG,12.0,,no_RNA_counts,
TAGGGTTTCAGA,21.0,1.0,0.05020036954382934,-1.2992930858379452
CCCATCATAAGG,24.0,6.0,0.2635519401051041,-0.5791337824319881
CGAAAGGAACCC,12.0,,no_RNA_counts,
GAAGGGATACGT,102.0,1.0,0.010335370200200159,-1.9856739628659434
AGCTATCCCACA,28.0,2.0,0.075300554315744,-1.1232018267822639
CAGATCGGTGAC,1.0,7.0,low_DNA_counts,
TTGCGCCCATAA,39.0,197.0,5.325100738533896,0.7263278280310679
TTGGCGATACGA,133.0,2.0,0.01585274827699874,-1.7998954364071305
GTCCAGGTCACT,14.0,7.0,0.527103880210208,-0.27810378676800707
ACTAGCTGAGGG,53.0,17.0,0.33814211183296367,-0.470900739326541
GTGGTAGCGTAA,16.0,2.0,0.131775970052552,-0.8801637780959695
ATTAACACGGCG,1.0,,low_DNA_counts,
TGGAGTACCCTG,3.0,921.0,low_DNA_counts,
GTATTTGTGTGG,34.0,1.0,0.031006110600600472,-1.508552708146281
GCTGGCTAACTT,15.0,1.0,0.07028051736136107,-1.153165050159707
CGCAAGTACGGT,30.0,4.0,0.14056103472272213,-0.8521350544957259
ATATAGGTTGCG,4.0,1.0,low_DNA_counts,
ACACGCCAGTAT,23.0,13.0,0.5958565602376265,-0.224858274814782
TAGATGGTACGC,4.0,,low_DNA_counts,
GTCGTCTCTGAG,17.0,1.0,0.062012221201200944,-1.2075227124822998
CCGTTTCGTTTG,35.0,1.0,0.030120221726297604,-1.5211418354543014
GAGACGTTGGTA,19.0,2.0,0.11096923793899116,-0.9547973963928736
TGCAAGTGTTTC,37.0,3.0,0.08547630489895267,-1.0681542604513583
GTACTGAAGGTG,81.0,58.0,0.7548648161035079,-0.12213081641973829
TTGGTTGCCGGT,29.0,5.0,0.18175995869317518,-0.7405017846669631
CGAACCAATCGC,40.0,4.0,0.10542077604204161,-0.9770737911040258
GACAGCGTAAGG,26.0,6.0,0.243278713943173,-0.6138958886912
TGGGTAGTGCAA,55.0,,no_RNA_counts,
TGCAATCACCAG,42.0,3.0,0.07530055431574402,-1.1232018267822639
TGCTAGTCGAGA,12.0,1.0,0.08785064670170135,-1.0562550371516506
ACTAGTGTGTGA,22.0,,no_RNA_counts,
CGACATCGTTTC,4.0,,low_DNA_counts,
TGAATTGGGCCG,38.0,2.0,0.05548461896949558,-1.2558273920568548
AGCTGATTGGCA,18.0,26.0,1.52274454282949,0.18262705176348604
ACGTGCCATCGT,26.0,61.0,2.4733335917555914,0.3932826959359232
GTCCCAATAGCT,40.0,2.0,0.05271038802102081,-1.278103786768007
ACTACAGTTCGG,16.0,3.0,0.19766395507882803,-0.7040725190402881
AGGCCTACGTTT,47.0,,no_RNA_counts,
TACGGACTCGTG,76.0,,no_RNA_counts,
GGCGTCTAAGAC,20.0,,no_RNA_counts,
TGATACGATCTC,42.0,2.0,0.05020036954382934,-1.2992930858379452
GAAGGTGTCCAC,26.0,2.0,0.08109290464772433,-1.0910171434108626
TTCCGTATCTGA,24.0,1.0,0.04392532335085068,-1.3572850328156318
ACTAGGCTCGGA,34.0,1.0,0.031006110600600472,-1.508552708146281
ATTAGGCCAATC,33.0,202.0,6.453029321361336,0.8097636384647104
AACCGGGCAAAG,27.0,,no_RNA_counts,
AATGGGTCTGGT,3.0,,low_DNA_counts,
CAGCGTTAAGTC,19.0,2.0,0.11096923793899116,-0.9547973963928736
CGCAACTGGTAA,19.0,1.0,0.05548461896949558,-1.2558273920568548
GGTACTGACCAA,2.0,,low_DNA_counts,
TGGGCAATCCCT,35.0,20.0,0.602404434525952,-0.22011183979032029
CGTCTTACCTAT,14.0,,no_RNA_counts,
TGTTAGCATCCG,36.0,,no_RNA_counts,
TCCAAGAACTTC,21.0,2.0,0.10040073908765867,-0.998263090173964
ACTCCGGCAATA,24.0,1.0,0.04392532335085068,-1.3572850328156318
CAAGGTCGTAAT,19.0,,no_RNA_counts,
GATATTGCGGCT,29.0,,no_RNA_counts,
AACCATCTGCCT,25.0,5.0,0.21084155208408323,-0.6760437954400447
CATGAGGGACTC,28.0,5.0,0.18825138578936004,-0.7252618181102262
GTAGAGGACCAC,13.0,,no_RNA_counts,
GACTATTGAAGC,55.0,12.0,0.230008965909909,-0.6382552345506448
AGCGAGTAGGAT,,,no_DNA_counts,
ATCGCAGCAACC,3.0,84.0,low_DNA_counts,
TGGGAAGTCTGA,31.0,1.0,0.034006701949045676,-1.4684354849382986
GAAGGTCCTGTC,9.0,,low_DNA_counts,
ACGGTTGTGACG,14.0,1.0,0.075300554315744,-1.1232018267822639
CATACAAGTGTG,42.0,55.0,1.3805101624553069,0.14003960799231757
CATACTGCAATG,38.0,16.0,0.44387695175596464,-0.35273740506491125
TCTTTGAAGAGC,1.0,,low_DNA_counts,
GGCTATAAGCGC,2.0,,low_DNA_counts,
AGCATTGAATCG,4.0,3.0,low_DNA_counts,
TTTCCTACATCG,25.0,1.0,0.042168310416816644,-1.3750137997760634
ACTGTACGCCCT,1.0,,low_DNA_counts,
TCTCGACAAGAA,45.0,1.0,0.02342683912045369,-1.6302863048793697
CCAAAGTGACCA,30.0,159.0,5.587301130228205,0.7472020784967632
GCACGATGATGT,13.0,,no_RNA_counts,
TAGCAAGCGAGT,27.0,3.0,0.11713419560226845,-0.9313163005433507
TGAATTGCGGTC,22.0,1.0,0.047918534564564366,-1.319496471926232
GACTGACCAAGT,25.0,,no_RNA_counts,
TAGCCGACGATA,8.0,3.0,low_DNA_counts,
GCTATCGACAAG,40.0,6.0,0.15813116406306243,-0.8009825320483446
AGAAGGGTACTT,24.0,8.0,0.3514025868068054,-0.45419504582368825
GATGACTGCCTC,143.0,3.0,0.022116246722106634,-1.6552885738494252
AGGAGGAGTTGT,5.0,,low_DNA_counts,
CGGAGGATAAGT,28.0,264.0,9.93967316967821,0.997372104423586
GCTCGAAACTCG,6.0,1.0,low_DNA_counts,
AACCAGAAGCGG,22.0,1.0,0.047918534564564366,-1.319496471926232
TGCAGGATGGTT,18.0,,no_RNA_counts,
CGGCTCTATTGA,39.0,2.0,0.05406193643181621,-1.2671084024665438
TCTACTTCGTAC,17.0,,no_RNA_counts,
ACGCTCTATGAC,51.0,,no_RNA_counts,
CCGAGAGTATGG,25.0,,no_RNA_counts,
CACGGTTACAGA,39.0,1.0,0.027030968215908106,-1.568138398130525
CCTTAGGTCATC,36.0,2.0,0.05856709780113423,-1.232346296207332
ACCGAACGAGAT,22.0,1.0,0.047918534564564366,-1.319496471926232
ACACCGTCGTTC,15.0,1.0,0.07028051736136107,-1.153165050159707
ATGCGCACACAC,59.0,,no_RNA_counts,
TGACTGTGCGAG,170.0,5.0,0.031006110600600472,-1.508552708146281
GGATGATGTTCC,16.0,,no_RNA_counts,
CTTACGACCGGA,30.0,2.0,0.07028051736136107,-1.153165050159707
TGAGTGTTGACG,33.0,4.0,0.12778275883883833,-0.8935277396539509
AACTCTGTGACG,18.0,1.0,0.05856709780113423,-1.232346296207332
CGATAAAGGAGT,53.0,2.0,0.03978142492152513,-1.4003196650408338
AATTGCCGGAAC,52.0,2.0,0.04054645232386216,-1.3920471390748437
ACTGGCTGCATA,17.0,1.0,0.062012221201200944,-1.2075227124822998
TGTTGGGTTGGA,15.0,31.0,2.1786960382021934,0.3381966436745656
AACTCTGTCTAC,18.0,2.0,0.11713419560226845,-0.9313163005433507
TCTAACAGGCGA,9.0,9.0,low_DNA_counts,
GTTTGACCTCGG,213.0,6.0,0.02969599325127933,-1.52730214415912
CAGATAAGTCGG,87.0,8.0,0.0969386446363601,-1.0135030567307008
ACGAGTCTCTCT,21.0,8.0,0.4016029563506347,-0.3962030988460015
CTGCCAAGGACT,35.0,,no_RNA_counts,
CATTAGATAGGG,24.0,,no_RNA_counts,
CATTACGGGCAC,,1.0,no_DNA_counts,
GTACCGAGAGTA,101.0,3.0,0.03131310179466582,-1.504273910167006
TGAGACCAGTCC,55.0,1.0,0.019167413825825746,-1.7174364805982698
ACGCTTTCGGTC,5.0,1.0,low_DNA_counts,
TGTATTCGGTAC,45.0,20.0,0.4685367824090738,-0.32925630921538834
CCATACGATGGG,5.0,1.0,low_DNA_counts,
GCATTCCGTTCC,,,no_DNA_counts,
CACGCCATAGTA,95.0,4.0,0.044387695175596466,-1.3527374050649112
TTGGGATGCACG,,,no_DNA_counts,
GGTCGCAATACA,,,no_DNA_counts,
TCTGGCACGGTT,37.0,3.0,0.08547630489895267,-1.0681542604513583
GTACTTCCATCC,42.0,7.0,0.17570129340340268,-0.7552250414876694
GAGCAGCGTTAG,4.0,1.0,low_DNA_counts,
TGTTAGGTGTCG,145.0,3.0,0.021811195043181027,-1.6613205386193381
CGTACTCCTAGC,14.0,,no_RNA_counts,
AAGGCATGCCAA,28.0,2.0,0.075300554315744,-1.1232018267822639
TGATAACGGCCT,12.0,,no_RNA_counts,
TTCATCTCCCGT,16.0,1.0,0.065887985026276,-1.1811937737599507
TTCAGTTGACGA,34.0,6.0,0.18603666360360285,-0.7304014577626373
GGACCAATGGAC,68.0,52.0,0.8061588756156123,-0.09357936017546302
CGTGCGATAACC,8.0,,low_DNA_counts,
GGTTATATCCCG,205.0,20.0,0.10284953760199182,-0.9877976564957989
TTCCTCACAGAA,13.0,,no_RNA_counts,
AACTCTGAACGG,15.0,2.0,0.14056103472272213,-0.8521350544957259
TATCTGGGCTAC,29.0,,no_RNA_counts,
CTTCGAACGTGA,11.0,2.0,0.19167413825825746,-0.7174364805982697
TGGGCGCAAATG,1.0,4.0,low_DNA_counts,
TCGTGGATCAGC,31.0,2.0,0.06801340389809135,-1.1674054892743173
TTGAACAGCGAT,32.0,3.0,0.09883197753941401,-1.0051025147042694
ACTTATAGGTGG,142.0,2.0,0.014847996625639664,-1.8283321398231012
GCTACTTACATC,44.0,1.0,0.023959267282282183,-1.6205264675902133
TACCTCCTGGCT,14.0,,no_RNA_counts,
CGCAAACTCCAA,6.0,2.0,low_DNA_counts,
GTTGACATACGA,10.0,27.0,2.8463609531351235,0.4542899730549615
TAAACATGCGCG,97.0,294.0,3.195227644985591,0.5045018050418866
CTTAGGGCACAT,,,no_DNA_counts,
TGTTCTGTTTGG,23.0,600.0,27.501072010967377,1.4393496232620249
AATCCGCGAAGG,42.0,,no_RNA_counts,
TGGTGATTCGCA,17.0,1.0,0.062012221201200944,-1.2075227124822998
AACGATTGCATC,45.0,2.0,0.04685367824090738,-1.3292563092153884
ATTAGCCGATGC,9.0,1.0,low_DNA_counts,
GGACAAGTAGAG,10.0,,no_RNA_counts,
GACATAGTGACG,35.0,30.0,0.9036066517889281,-0.04402058073463905
GCAAACATGCAT,74.0,,no_RNA_counts,
CAGAGTGATGAG,33.0,1.0,0.03194568970970958,-1.4955877309819132
CCTTTGACTGCG,4.0,,low_DNA_counts,
TCTAAGACTTGG,68.0,3.0,0.04650916590090071,-1.3324614490905997
CCGCTTTACAAA,69.0,2.0,0.03055674667885264,-1.5148928861773
CTCGACTACAAC,19.0,200.0,11.096923793899116,1.0452026036071262
CGTATAGTGCTT,5.0,1.0,low_DNA_counts,
CTTCAACTTGGC,35.0,,no_RNA_counts,
ATAGCCACAGGT,16.0,,no_RNA_counts,
CTTGCTCTTACA,81.0,2.0,0.026029821244948546,-1.5845288143186944
AGTGAGATCACA,23.0,55.0,2.520931601005343,0.4015610623726251
TAAACGCCGCTT,110.0,5.0,0.04791853456456437,-1.319496471926232
ACGACAGACAGA,,,no_DNA_counts,
ACCTGCAACTAG,14.0,1.0,0.075300554315744,-1.1232018267822639
AGACAACGTAGA,13.0,2.0,0.16218580929544865,-0.7899871477468814
GTGCGCTTTAAC,39.0,1.0,0.027030968215908106,-1.568138398130525
AAATTGCGCTGA,11.0,,no_RNA_counts,
CAAGTTACGTGG,48.0,1.0,0.02196266167542534,-1.658315028479613
TATCCTACTGGG,15.0,14.0,0.9839272430590551,-0.007037014481469029
GACCACTATGTT,6.0,,low_DNA_counts,
CACAGATCGAGC,27.0,6.0,0.2342683912045369,-0.6302863048793695
GCAATAGGTTCC,3.0,,low_DNA_counts,
ATTGGTAGCACA,203.0,19.0,0.0986696918620094,-1.0058162280644098
CAGATTGAGTCG,39.0,7.0,0.18921677751135674,-0.7230403581162682
TGATCGTTGCAG,23.0,357.0,16.36313784652559,1.2138665889905744
CTGACGGTAGTT,9.0,26.0,low_DNA_counts,
TACAGTCTCGAG,18.0,5.0,0.29283548900567113,-0.5333762918713131
TGTGACGGTTAC,34.0,,no_RNA_counts,
TCGGCAAGAGGT,19.0,2.0,0.11096923793899116,-0.9547973963928736
GGAGAGCGTAAT,16.0,7.0,0.4612158951839321,-0.33609573374569374
TGAGAGGAAACG,18.0,4.0,0.2342683912045369,-0.6302863048793695
GAAAGCTGACCA,21.0,,no_RNA_counts,
GTGTTGCAATGC,21.0,2.0,0.10040073908765867,-0.998263090173964
AGGCGTGGTAAA,51.0,2.0,0.041341480800800634,-1.383613971537981
ACTTTCCTGCTC,7.0,3.0,low_DNA_counts,
CTCAGACAATGT,41.0,2.0,0.051424768800995904,-1.2888276521597801
TGAAACGGAGGG,19.0,,no_RNA_counts,
CCACATCAAGTG,6.0,,low_DNA_counts,
GTGCTTTAAGCC,37.0,1.0,0.02849210163298422,-1.545275515171021
ACGCCCTTTAGC,11.0,,no_RNA_counts,
GAAAGCGTTTGG,4.0,,low_DNA_counts,
GACCGTGTACCT,28.0,13.0,0.48945360305233604,-0.3102884701394083
ACTCCTCAGAGT,18.0,156.0,9.136467256976939,0.9607783021471297
CTGGAAGTTAGT,13.0,1.0,0.08109290464772433,-1.0910171434108626
GAGCACAGAACC,27.0,1.0,0.03904473186742281,-1.4084375552630133
GTATTTACTCGC,,,no_DNA_counts,
AGCGATGGAGAT,42.0,12.0,0.3012022172629761,-0.5211418354543014
CCAGGAATGGAC,53.0,,no_RNA_counts,
GCGAGCTCTTGT,22.0,1.0,0.047918534564564366,-1.319496471926232
ACCTAAACGCGG,32.0,,no_RNA_counts,
CATCACCCTGAT,49.0,2.0,0.04302888818042514,-1.3662398754685583
CTCACGAGTCTC,13.0,,no_RNA_counts,
CATTACGAGCGA,14.0,4.0,0.301202217262976,-0.5211418354543015
ACCTACGCTCAA,17.0,,no_RNA_counts,
GAGTACAACCTG,97.0,10.0,0.1086812124144759,-0.9638455253702707
CAGCTGCCTCAT,28.0,1.0,0.037650277157872,-1.4242318224462451
TGAGTCCACCGT,23.0,32.0,1.4667238405849268,0.16634835119828725
CGGACCTAATGC,1.0,,low_DNA_counts,
CGTTGAGCTCTT,14.0,,no_RNA_counts,
CCCTATTAGACC,54.0,3.0,0.05856709780113423,-1.232346296207332
GTCTAGCTTGCA,30.0,1.0,0.03514025868068053,-1.4541950458236883
AGCTGGTAGTGC,63.0,4.0,0.06693382605843912,-1.174354349229645
TCTCCCTGGAAC,57.0,5.0,0.09247436494915932,-1.0339786424404984
GCACCTGATTTC,16.0,,no_RNA_counts,
ACTGTGTGCGTA,23.0,67.0,3.0709530412246906,0.48727317557920774
CATCTGCTTTAC,6.0,,low_DNA_counts,
ATGTATATGCCC,15.0,91.0,6.395527079883857,0.8058763421613865
TATGGCAGGTCC,15.0,,no_RNA_counts,
AGTCATGATACG,23.0,175.0,8.021146003198817,0.9042364215646757
GATCGCTCTTAT,13.0,,no_RNA_counts,
CAAGCACGGATA,77.0,2.0,0.027382019751179636,-1.5625345206125265
ACGGACTATTGA,36.0,2.0,0.05856709780113423,-1.232346296207332
GAATGTCTCCCA,73.0,3.0,0.04332360659261984,-1.3632753965048192
GGAGTAATCCGT,9.0,,low_DNA_counts,
GTCAGATCTAGG,71.0,3.0,0.044543989876918995,-1.3512108851034386
GACGCCTTCAAC,24.0,,no_RNA_counts,
CACCTCTAACGG,15.0,,no_RNA_counts,
TTTGATCAGCGT,53.0,1.0,0.019890712460762565,-1.7013496607048149
ATCGTGGTTAGT,69.0,2.0,0.03055674667885264,-1.5148928861773
CGAACTGGTGAC,18.0,,no_RNA_counts,
CTGCTTTCGTCC,104.0,5.0,0.050683065404827705,-1.2951371260667872
GCTCTCACTATC,25.0,,no_RNA_counts,
ACCAGGGAAGAC,23.0,16.0,0.7333619202924634,-0.13468164446569394
CAACTCCTCAAA,,14.0,no_DNA_counts,
CTTCTGATACGC,76.0,,no_RNA_counts,
GATCGTTCGATA,91.0,10.0,0.11584700663960618,-0.9361151834251195
GGAACGAATTTG,12.0,1.0,0.08785064670170135,-1.0562550371516506
TTTGGCCCTAGA,29.0,2.0,0.07270398347727007,-1.1384417933390008
CTGTACCACGTT,38.0,2.0,0.05548461896949558,-1.2558273920568548
AGATGCCGTGAA,4.0,,low_DNA_counts,
GTTCCCTGGATA,30.0,,no_RNA_counts,
TATGACGCCTCT,26.0,4.0,0.16218580929544865,-0.7899871477468814
CTGTATCTCTGG,65.0,5.0,0.08109290464772433,-1.0910171434108626
AGGAGTTGCAAC,11.0,52.0,4.983527594714694,0.6975368673725483
CCGGATATACTC,6.0,,low_DNA_counts,
TTGACCCTTACG,45.0,11.0,0.2576952303249906,-0.5888936197211445
GGAAAGGGATAA,,,no_DNA_counts,
TCGGCAGCTTGT,12.0,15.0,1.3177597005255202,0.11983622190403058
AATCAGGGCACG,50.0,18.0,0.3795147937513498,-0.4207712903367386
ATCGTCCCAAGA,9.0,1.0,low_DNA_counts,
TCCTAGAAGCAG,15.0,2.0,0.14056103472272213,-0.8521350544957259
CAATTTGCCGTT,35.0,12.0,0.3614426607155713,-0.4419605894066766
GAAGAGAGACAT,2.0,,low_DNA_counts,
GAAACGTCGCAA,30.0,1.0,0.03514025868068053,-1.4541950458236883
CAAGTAGCCAAT,15.0,3.0,0.21084155208408323,-0.6760437954400447
GTAAGATCGTGA,29.0,1.0,0.036351991738635035,-1.439471789002982
TTCGCTGTTAGG,62.0,4.0,0.06801340389809135,-1.1674054892743173
TCTAGTACCACT,37.0,9.0,0.25642891469685797,-0.5910330057316959
CCTCTGGATCTT,38.0,12.0,0.33290771381697354,-0.47767614167321115
CAGGCTTATAGA,26.0,1.0,0.04054645232386216,-1.3920471390748437
GCAGTCCAGATA,43.0,1.0,0.02451645954466084,-1.6105422466836123
AGCTAGGCTGAC,15.0,2.0,0.14056103472272213,-0.8521350544957259
ACGAGGTGAGGA,40.0,18.0,0.47439349218918725,-0.32386127732868214
GTTCGTGGATGC,42.0,3.0,0.07530055431574402,-1.1232018267822639
ATAACGGCAGCT,10.0,,no_RNA_counts,
AGATTGGCCTGT,8.0,3.0,low_DNA_counts,
TCCAGTGCAGAC,14.0,2.0,0.150601108631488,-0.8221718311182827
GAATCTCACGTT,44.0,,no_RNA_counts,
TGGCCTATCTTT,83.0,2.0,0.02540259663663653,-1.5951218878161186
GGGTATGCAAAG,101.0,1.0,0.01043770059822194,-1.9813951648866686
TGTCCGTGCATA,21.0,,no_RNA_counts,
TGAATGCCAAGA,150.0,20.0,0.14056103472272216,-0.8521350544957258
AAGAGGGATCAA,19.0,9.0,0.4993615707254602,-0.30158488261752997
CATACCAGTGGT,52.0,9.0,0.1824590354573797,-0.7388346252995002
TTGGGCGTCATT,18.0,483.0,28.287908237947832,1.4516008345441802
CCTGCACCTTGT,4.0,3.0,low_DNA_counts,
ACTTAACTGTGC,12.0,,no_RNA_counts,
CTGGCAGGAGTA,16.0,8.0,0.527103880210208,-0.27810378676800707
AGCCCAGATGAT,,1.0,no_DNA_counts,
GGTTAAAGAGGC,11.0,6.0,0.5750224147747725,-0.24031522587860724
GTTCTGCGATCG,40.0,,no_RNA_counts,
CGCAACTGACTC,24.0,1.0,0.04392532335085068,-1.3572850328156318
AACTTGCAGCGA,1.0,,low_DNA_counts,
CGAGTGGTCTTT,26.0,1.0,0.04054645232386216,-1.3920471390748437
AGAACTAGCAGT,42.0,2.0,0.05020036954382934,-1.2992930858379452
ATGGCATACCGG,14.0,,no_RNA_counts,
GGTGGAGCTAGT,110.0,7.0,0.06708594839039012,-1.1733684362479941
TGTATCCTGGCT,14.0,2.0,0.150601108631488,-0.8221718311182827
TGAGTCAGTCCT,78.0,5.0,0.06757742053977027,-1.1701983894584873
AGTCAAGTTCTG,54.0,1441.0,28.131729310478136,1.4491964298869948
TCGTGTGGGTTT,34.0,1.0,0.031006110600600472,-1.508552708146281
TCTTCTACACGC,15.0,2.0,0.14056103472272213,-0.8521350544957259
ACTAGGGCTAAT,6.0,,low_DNA_counts,
GTTGGTTACACG,7.0,9.0,low_DNA_counts,
CCCAATCCTTAC,9.0,2.0,low_DNA_counts,
ACTTGTGAGGTA,32.0,2.0,0.065887985026276,-1.1811937737599507
ACGGCAGTCAAG,12.0,1.0,0.08785064670170135,-1.0562550371516506
GTCTCCCGAATA,5.0,26.0,low_DNA_counts,
GCTAATACTCAG,43.0,3.0,0.07354937863398253,-1.13342099196395
ACGGTGCATATA,41.0,3.0,0.07713715320149386,-1.112736393104099
GCGGTGTGTATA,10.0,,no_RNA_counts,
ACGCTGAGTTTG,104.0,4.0,0.04054645232386216,-1.3920471390748437
ACTTCCTTCAAG,10.0,3.0,0.31626232812612487,-0.4999525363843634
CTTGCAAAGTGG,14.0,9.0,0.677704988841696,-0.168959317342939
CTCTGGATCATC,85.0,9.0,0.11162199816216169,-0.9522502073789938
AGCCAGTGCAAT,121.0,8.0,0.06969968663936635,-1.1567691744285324
CCCTTGGACTAA,58.0,1.0,0.018175995869317518,-1.7405017846669633
AGCTTCGCATAC,51.0,1.0,0.020670740400400317,-1.6846439672019622
CAGGGATTCCTG,64.0,4.0,0.065887985026276,-1.1811937737599507
GCACTCCATGAT,25.0,3.0,0.12650493125044995,-0.8978925450564009
GTGGGAGAATCC,17.0,1.0,0.062012221201200944,-1.2075227124822998
CGCGTTCGTAAA,34.0,1.0,0.031006110600600472,-1.508552708146281
AGTATCAGTCCG,25.0,1.0,0.042168310416816644,-1.3750137997760634
TTGAAACTCGGG,29.0,26.0,0.9451517852045109,-0.024498441032163993
ACATCCGTTCAG,64.0,5.0,0.08235998128284501,-1.0842837607518943
GAATTGTGGGAA,148.0,2.0,0.01424605081649211,-1.846305510835002
GGCAAATACCCA,27.0,34.0,1.3275208834923757,0.12304136177924194
AGACGAGGCTTT,23.0,27.0,1.2375482404935318,0.09256213703736856
CGTTTGCAGGTC,14.0,,no_RNA_counts,
CCGACCAATACA,158.0,2.0,0.01334440203063818,-1.8747008823944673
TGTGCGACTGTT,31.0,,no_RNA_counts,
GCATGATGGAGG,22.0,2.0,0.09583706912912873,-1.0184664762622508
GGAATCGTAAGC,47.0,2.0,0.04485990469874111,-1.3481416533757622
GCATACTTCCAA,35.0,1.0,0.030120221726297604,-1.5211418354543014
GCCAGAACAGTA,84.0,18.0,0.22590166294723202,-0.6460805720626014
CGATATCAACGC,17.0,14.0,0.8681710968168133,-0.06139467680406175
TAACCCGTAGGT,57.0,1.0,0.01849487298983186,-1.7329486467765172
TAGCGGATGGAA,30.0,1.0,0.03514025868068053,-1.4541950458236883
AGGAAACGGGCT,49.0,4.0,0.08605777636085028,-1.0652098798045773
GTTGAGGATCGG,12.0,2.0,0.1757012934034027,-0.7552250414876694
CCATGACACAAG,23.0,2.0,0.09167024003655792,-1.0377716314576375
CTGACATTGCAG,19.0,854.0,47.38386459994923,1.6756304786321503
CGGACATCTGTT,4.0,,low_DNA_counts,
GTTCAGTCGTAC,32.0,,no_RNA_counts,
CTTCCTCGAATT,,2.0,no_DNA_counts,
ACCAACTCTTTC,50.0,,no_RNA_counts,
GCCAGTACGTAT,52.0,1.0,0.02027322616193108,-1.693077134738825
GCAACATGTCGT,38.0,13.0,0.36065002330172125,-0.4429140354139993
AGGGAGTTTCTT,29.0,1.0,0.036351991738635035,-1.439471789002982
GTCAGGCTTTAG,25.0,2.0,0.08433662083363329,-1.0739838041120822
GAGTCGTGGACT,28.0,1.0,0.037650277157872,-1.4242318224462451
TCTGTCCACCTG,18.0,93.0,5.446740095505483,0.7361366523466032
AACCTGGCTCAA,29.0,1.0,0.036351991738635035,-1.439471789002982
TTGCATCTTGTC,16.0,1.0,0.065887985026276,-1.1811937737599507
ATAGTTTGCGCA,14.0,,no_RNA_counts,
AAAGCTTACTCC,,,no_DNA_counts,
GCCTAAAGCGGT,39.0,1.0,0.027030968215908106,-1.568138398130525
GTACAATGACAC,18.0,49.0,2.869787792255577,0.4578497838211817
GCTTGAGTTGCA,46.0,,no_RNA_counts,
TCCCTTGCCTTT,55.0,2.0,0.03833482765165149,-1.4164064849342886
AACCTTAGAGGA,12.0,4.0,0.3514025868068054,-0.45419504582368825
GAGAATCGCGTA,19.0,18.0,0.9987231414509204,-0.0005548869535487666
CGCATCTTCATA,19.0,13.0,0.7213000466034425,-0.1418840397500181
CATGTTCTTCGG,,,no_DNA_counts,
GTAGTCGCGTAG,15.0,,no_RNA_counts,
TCCTTGTGGAGA,18.0,,no_RNA_counts,
CTGCGACATGAT,16.0,2.0,0.131775970052552,-0.8801637780959695
CTTCAGCGAGTC,19.0,241.0,13.371793171648434,1.1261896505180136
CTGAACCTGAAC,86.0,4.0,0.04903291908932168,-1.309512251019631
AAGGACGGCTAG,17.0,16.0,0.9921955392192151,-0.003402729826375014
TGTGTAACGTTC,89.0,3.0,0.0355350930478792,-1.4493425430292761
GACTACCAACCG,19.0,,no_RNA_counts,
GCTGTAAGGCCA,20.0,,no_RNA_counts,
GGCTGCAAATGT,21.0,2.0,0.10040073908765867,-0.998263090173964
ACTCTTCGCAGT,5.0,,low_DNA_counts,
ACGGGATTCATA,77.0,15.0,0.20536514813384726,-0.6874732572208265
ACGATTCCTACG,25.0,5.0,0.21084155208408323,-0.6760437954400447
TCTCATTTGGTC,50.0,1.0,0.021084155208408322,-1.6760437954400447
TGGCTGAGTTAT,48.0,5.0,0.10981330837712669,-0.9593450241435942
GGACGAGATATA,37.0,2.0,0.05698420326596844,-1.2442455195070397
GATGTAACGAGA,8.0,,low_DNA_counts,
TGTAGTTCCTGG,8.0,1242.0,low_DNA_counts,
ACGATCCGCAAT,45.0,,no_RNA_counts,
CAGGCGGGTAAA,19.0,,no_RNA_counts,
ATGGACTGGAGT,8.0,2.0,low_DNA_counts,
CTTAACGTAGCC,17.0,,no_RNA_counts,
AATGAGTCGTTC,42.0,1.0,0.02510018477191467,-1.6003230815019263
TCTCCGCGATAA,19.0,1.0,0.05548461896949558,-1.2558273920568548
CTTGGTTTGCGA,26.0,1.0,0.04054645232386216,-1.3920471390748437
AAGCCTATGGCG,,5.0,no_DNA_counts,
GCTAAGGATGTG,91.0,6.0,0.06950820398376371,-1.1579639330414757
CAGACTGTACAT,29.0,2.0,0.07270398347727007,-1.1384417933390008
TGTACAGAGTCC,4.0,,low_DNA_counts,
GACAAGCACGAC,16.0,1.0,0.065887985026276,-1.1811937737599507
TCCACTTCCAAG,34.0,,no_RNA_counts,
CCCGAAGAATCT,24.0,5.0,0.21962661675425338,-0.658315028479613
CTGTAGAGCCAG,11.0,2.0,0.19167413825825746,-0.7174364805982697
ACTAAGATCGCC,30.0,76.0,2.670659659731721,0.42661854645710306
CAGATAGCGGAA,10.0,2.0,0.21084155208408323,-0.6760437954400447
CGTAAGAGCTGG,37.0,,no_RNA_counts,
TAGTCGTACCGT,16.0,1.0,0.065887985026276,-1.1811937737599507
GGAGTGTATAGT,41.0,1.0,0.025712384400497952,-1.5898576478237614
ATCTGGCACATT,9.0,49.0,low_DNA_counts,
CAATAAAGCGGG,52.0,2.0,0.04054645232386216,-1.3920471390748437
ACACGTACAGGC,45.0,,no_RNA_counts,
CGGTAAGATCGA,12.0,,no_RNA_counts,
GAGGAAGATCAC,,1724.0,no_DNA_counts,
AACATCCGTCGA,,,no_DNA_counts,
GGCCACTGTAGT,107.0,51.0,0.5024728577704787,-0.29888739269129916
TGGCGTAATCTC,22.0,3.0,0.1437556036936931,-0.8423752172065696
TAAGAGCCTCTG,34.0,5.0,0.15503055300300236,-0.8095827038102622
CAAACCCGTGAT,10.0,2.0,0.21084155208408323,-0.6760437954400447
AGACTGCCAGGT,57.0,,no_RNA_counts,
GGAAGGAATTGA,52.0,1.0,0.02027322616193108,-1.693077134738825
TGCCCGATCTGA,77.0,101.0,1.3827919974345717,0.14075685750613484
ATCGAAGCGACT,47.0,1.0,0.022429952349370556,-1.6491716490397432
GCTCACACATAA,30.0,2.0,0.07028051736136107,-1.153165050159707
CCAAGAACTGTC,18.0,,no_RNA_counts,
GTAATCTCCGCG,32.0,,no_RNA_counts,
CGAGCCTTTGTG,29.0,,no_RNA_counts,
AATAGCGACGGG,58.0,,no_RNA_counts,
ATGCTCCCTCAT,27.0,27.0,1.054207760420416,0.02292620889597415
CTGCGTACTTCT,7.0,1.0,low_DNA_counts,
TACATCTCTCTC,54.0,1.0,0.019522365933711407,-1.7094675509269943
GACGTCTGTTAC,37.0,2.0,0.05698420326596844,-1.2442455195070397
TCCCATCGCTAA,81.0,1.0,0.013014910622474273,-1.8855588099826757
AACCAGCGACTT,25.0,2.0,0.08433662083363329,-1.0739838041120822
AAGTTCGGTTAC,80.0,220.0,2.8990713411561444,0.4622589027262368
TGTGCGTCCATT,1.0,,low_DNA_counts,
GCCCGAGGTATA,55.0,3.0,0.05750224147747725,-1.2403152258786072
AAGTTGTGCCAG,20.0,3.0,0.15813116406306243,-0.8009825320483446
CCGACGACTATT,13.0,,no_RNA_counts,
CATGGAGGAACA,10.0,4.0,0.42168310416816646,-0.3750137997760634
GCGCAAGGTAGT,9.0,1.0,low_DNA_counts,
TTGCCCAGATAG,8.0,1.0,low_DNA_counts,
CTCCACTGGACT,10.0,2.0,0.21084155208408323,-0.6760437954400447
TAAGCAGCGTTC,12.0,,no_RNA_counts,
CGATAGGTTCTG,3.0,1.0,low_DNA_counts,
TGACGGTACAGA,20.0,2.0,0.10542077604204161,-0.9770737911040258
AGGAGCGATATC,16.0,1.0,0.065887985026276,-1.1811937737599507
ATCAATCCATCC,14.0,,no_RNA_counts,
CCAGTGGCAAAT,4.0,2.0,low_DNA_counts,
ACCGGTTATGGC,14.0,1.0,0.075300554315744,-1.1232018267822639
CTGATTAGCCAA,29.0,,no_RNA_counts,
AAGGTCGTTTGC,16.0,,no_RNA_counts,
AATATCTACGCC,39.0,1.0,0.027030968215908106,-1.568138398130525
TAGGCGACTTCT,16.0,3.0,0.19766395507882803,-0.7040725190402881
TGGATGGGCAAC,28.0,1.0,0.037650277157872,-1.4242318224462451
ACGCAGGAAGAC,16.0,,no_RNA_counts,
TAGCCCAGGGAA,45.0,1.0,0.02342683912045369,-1.6302863048793697
CGCTGTTGGAGT,11.0,5.0,0.47918534564564363,-0.31949647192623215
CGACCAACGTAC,18.0,48.0,2.811220694454443,0.4488949411682553
AGCGGACATTGA,4.0,4.0,low_DNA_counts,
GTAAGAGTTCGA,19.0,2.0,0.11096923793899116,-0.9547973963928736
CGTAAGAGATCC,14.0,1.0,0.075300554315744,-1.1232018267822639
GTGAACTCGAGG,22.0,2.0,0.09583706912912873,-1.0184664762622508
GTATGAATCGCC,36.0,3.0,0.08785064670170134,-1.0562550371516506
AGCGAGTTTAGA,34.0,3.0,0.09301833180180143,-1.0314314534266185
CCTGTCAGAAGT,41.0,29.0,0.7456591476144406,-0.12745964992480527
TAGTTTACCTGG,109.0,1.0,0.009671630829545102,-2.0145002890446495
AGCAGCCGTAGA,23.0,2.0,0.09167024003655792,-1.0377716314576375
ATTGTCTGAGCA,2.0,,low_DNA_counts,
ATGGTACGAGAG,19.0,4.0,0.22193847587798232,-0.6537674007288925
CGAACGTGTGGA,37.0,1.0,0.02849210163298422,-1.545275515171021
CACGTGTTCACT,58.0,,no_RNA_counts,
TGCCTTGACGTT,39.0,272.0,7.352423354727005,0.8664305059036737
CACATAGATCGA,51.0,1.0,0.020670740400400317,-1.6846439672019622
AGTGTTATGCGA,58.0,2.0,0.036351991738635035,-1.439471789002982
TATAGAGGTCCG,16.0,14.0,0.9224317903678642,-0.035065738081712566
AGAAGTTGAACC,32.0,,no_RNA_counts,
ACATACCGGCAG,56.0,28.0,0.527103880210208,-0.27810378676800707
GACGATGCGTCT,20.0,,no_RNA_counts,
CGCCAAGAACTT,5.0,,low_DNA_counts,
AGCATCCTCTGT,51.0,3.0,0.06201222120120095,-1.2075227124822998
CTGATTAGTGCT,39.0,,no_RNA_counts,
AGATCGCGTCCA,20.0,184.0,9.698711395867829,0.9867140362415294
GTGAGCCACTTT,14.0,20.0,1.5060110863148803,0.17782816888171737
ATATAACGCCGG,14.0,,no_RNA_counts,
GTATAGGAGACA,15.0,,no_RNA_counts,
ACTATGCGAGAG,27.0,1.0,0.03904473186742281,-1.4084375552630133
TTCCGGACAACA,9.0,42.0,low_DNA_counts,
GTTGCCATAGAC,31.0,2.0,0.06801340389809135,-1.1674054892743173
ATAATTGAGGCC,26.0,2.0,0.08109290464772433,-1.0910171434108626
ATGGCCTGAGTC,26.0,3.0,0.1216393569715865,-0.9149258843551813
CAGTCCAAGATG,21.0,1.0,0.05020036954382934,-1.2992930858379452
ATGTGGCTCACG,37.0,1.0,0.02849210163298422,-1.545275515171021
TAGGCACGACGT,24.0,3.0,0.13177597005255204,-0.8801637780959694
ACACCATCTCGG,142.0,1.0,0.007423998312819832,-2.1293621354870824
GAGGTGAGAGAC,26.0,8.0,0.3243716185908973,-0.4889571520829002
CGTATTTGTCCC,20.0,,no_RNA_counts,
TTGCCTAAGCGC,17.0,,no_RNA_counts,
TCGTTGTCTACG,20.0,2.0,0.10542077604204161,-0.9770737911040258
TGAACGATCATC,25.0,102.0,4.301167662515297,0.6335863719858541
AAATCGCGGTTG,1.0,4.0,low_DNA_counts,
GCCGATTTGTCG,163.0,5.0,0.032337661362589455,-1.4902913911719649
TCGCAAGTGAAT,8.0,371.0,low_DNA_counts,
GAATGATGCCTC,27.0,3.0,0.11713419560226845,-0.9313163005433507
AGAGGATGCAGG,59.0,4.0,0.07147171257087566,-1.1458658114182076
GCCTAAGACCAT,45.0,6.0,0.14056103472272216,-0.8521350544957258
GATTACGTCCCG,23.0,2.0,0.09167024003655792,-1.0377716314576375
CGTGATCGATTG,11.0,1.0,0.09583706912912873,-1.0184664762622508
CGTGCAAAGTCC,26.0,,no_RNA_counts,
AACCACTCTGCG,17.0,4.0,0.24804888480480378,-0.6054627211543374
TCGTAAGTACTC,3.0,,low_DNA_counts,
TGCTAATGTGTC,16.0,4.0,0.263551940105104,-0.5791337824319882
TCCAGAGCAAGG,60.0,1.0,0.017570129340340267,-1.7552250414876696
ACGCTTAGGCGA,143.0,19.0,0.140069562573342,-0.8536562276162587
GTTGAGTGCACT,1.0,,low_DNA_counts,
TCTACAAGCGGG,28.0,6.0,0.22590166294723205,-0.6460805720626014
AGTGGGCAATAC,27.0,1.0,0.03904473186742281,-1.4084375552630133
ATCGGGAGGTCT,8.0,1.0,low_DNA_counts,
TGGAAGCCAACT,93.0,105.0,1.190234568216599,0.07563255941197713
AGCCGCTTCAAC,65.0,3.0,0.0486557427886346,-1.312865893027219
GGCGACATAACG,34.0,1.0,0.031006110600600472,-1.508552708146281
CCCAGCACAATA,82.0,185.0,2.3783955570460606,0.37628408491527127
GCAACGTAGAGG,22.0,7724.0,370.12276097669513,2.568345793181125
TCTGATCTCGAA,45.0,,no_RNA_counts,
TAACGTTCGCGA,28.0,2.0,0.075300554315744,-1.1232018267822639
GGGATTTCGGGA,50.0,,no_RNA_counts,
ACCTGGGCTTTC,2.0,,low_DNA_counts,
ATGATTCACCTC,42.0,6.0,0.15060110863148804,-0.8221718311182826
AGTTGAATGAGG,29.0,6.0,0.21811195043181023,-0.6613205386193383
TTCCCATAGAAG,41.0,3.0,0.07713715320149386,-1.112736393104099
CTCATAGCGGGA,,,no_DNA_counts,
AACGGTGGTTGC,2.0,,low_DNA_counts,
TGTCTCCAACGT,69.0,1.0,0.01527837333942632,-1.8159228818412811
TGCGTAGGGTAT,20.0,2.0,0.10542077604204161,-0.9770737911040258
CCTATCGGCAAA,28.0,1.0,0.037650277157872,-1.4242318224462451
ATCAAGTGGCGA,48.0,8.0,0.1757012934034027,-0.7552250414876694
CGGACAAGCATT,2.0,,low_DNA_counts,
CGCGGTCTGAAT,33.0,1.0,0.03194568970970958,-1.4955877309819132
TAGCATCGTCGC,32.0,,no_RNA_counts,
TCGACGATACAT,25.0,6.0,0.2530098625008999,-0.5968625493924198
TCCTGCGCATAA,,,no_DNA_counts,
CAAAGTTACGCC,49.0,2.0,0.04302888818042514,-1.3662398754685583
GCGGTACGATAA,15.0,37.0,2.6003791423703597,0.41503667390728793
CACAAATCCGGA,89.0,5.0,0.05922515507979866,-1.2274937934129198
CCTTCGTGGAGT,4.0,1.0,low_DNA_counts,
CAGCCAACATGT,30.0,5.0,0.17570129340340268,-0.7552250414876694
GTTCAGCATGTA,46.0,1.0,0.02291756000913948,-1.6398316227856
TTGGATATGCGT,81.0,2.0,0.026029821244948546,-1.5845288143186944
GTCGAGGCTAAT,27.0,,no_RNA_counts,
CATAAGAGTGCG,5.0,,low_DNA_counts,
CAAGCATACGGC,44.0,3.0,0.07187780184684656,-1.1434052128705507
ACGACCAGTAGA,207.0,220.0,1.1204140448912634,0.0493785442612626
GACTAACAGCCC,17.0,2.0,0.12402444240240189,-0.9064927168183186
TTCACTCAAGAG,27.0,80.0,3.1235785493938253,0.4946524317289304
CACTTGCGTAAC,28.0,,no_RNA_counts,
CATGCATGTTTC,26.0,2.0,0.08109290464772433,-1.0910171434108626
TACGAACGGACT,2.0,,low_DNA_counts,
CTTAGCCGAGTT,25.0,26.0,1.0963760708372328,0.039959548194754516
CCGCGATGTAAA,77.0,1.0,0.013691009875589818,-1.8635645162765078
GCCTTCTTTATG,9.0,3.0,low_DNA_counts,
GCGGAGTACAAT,24.0,2.0,0.08785064670170135,-1.0562550371516506
CCTCACGAATTG,14.0,3.0,0.22590166294723205,-0.6460805720626014
TGCAAGTGTCCT,47.0,,no_RNA_counts,
ATAGCATAGGGT,57.0,,no_RNA_counts,
AGAGTTAGAGGT,16.0,,no_RNA_counts,
ACCTTGCCGAAT,,,no_DNA_counts,
ACGCCATGCGTT,28.0,2304.0,86.7462385717371,1.9382506523049294
TAACCTGGAGCG,40.0,3.0,0.07906558203153122,-1.1020125277123258
CACGTCTATAGG,22.0,1.0,0.047918534564564366,-1.319496471926232
ATATACTCTCCG,,,no_DNA_counts,
ATGGCCACTTCT,24.0,,no_RNA_counts,
TACGAAATCCGC,87.0,4.0,0.04846932231818005,-1.314533052394682
GTGTGACCTAAG,4.0,302.0,low_DNA_counts,
GACCTGAGTAGT,37.0,6.0,0.17095260979790533,-0.7671242647873772
CGCACCTGATAT,47.0,1.0,0.022429952349370556,-1.6491716490397432
CAGGTGTTTCCT,21.0,,no_RNA_counts,
GCCTGTATCGGT,1.0,,low_DNA_counts,
CGAGTGTGAACC,32.0,7.0,0.23060794759196604,-0.6371257294096749
CGAGACACCTAG,47.0,,no_RNA_counts,
ACTACACCATGC,43.0,,no_RNA_counts,
TTGCGCATAGAC,20.0,3.0,0.15813116406306243,-0.8009825320483446
TGTTCCTTGACC,44.0,5.0,0.11979633641141091,-0.9215564632541945
CACGTAGTTAAC,11.0,1.0,0.09583706912912873,-1.0184664762622508
AGTACGCTCGAA,60.0,7.0,0.12299090538238189,-0.9101270014734126
GGAGCAGCGTAA,12.0,3.0,0.2635519401051041,-0.5791337824319881
GCCATTTCTTTC,212.0,48.0,0.2386885495291508,-0.6221684146571901
CACAGTCCTAAG,21.0,19.0,0.9538070213327574,-0.020539484885116158
AACCCGCAGAGT,8.0,2.0,low_DNA_counts,
GCGACTCAGAAA,57.0,2.0,0.03698974597966372,-1.4319186511125361
ACCGATTGGTGT,23.0,1.0,0.04583512001827896,-1.3388016271216188
CGAAATGCGCGT,67.0,3.0,0.04720333255613803,-1.3260273390851898
GGGCTGACAATA,98.0,9.0,0.09681499840595657,-1.0140573573571958
AGTGATGGACAA,24.0,1.0,0.04392532335085068,-1.3572850328156318
GATAACGCTGAC,16.0,1.0,0.065887985026276,-1.1811937737599507
ATCCCGAACTAG,,,no_DNA_counts,
CATTAACGCTTC,14.0,,no_RNA_counts,
TCCTAGGCGTGT,82.0,2.0,0.025712384400497952,-1.5898576478237614
GAAGATAGCGCG,146.0,,no_RNA_counts,
ACGTACTAATGG,4.0,4.0,low_DNA_counts,
TAGTTGCATGCG,94.0,1.0,0.011214976174685278,-1.9502016447037245
GTCTTCGGAGTA,21.0,2.0,0.10040073908765867,-0.998263090173964
GAGGAAGGAAGC,36.0,,no_RNA_counts,
CTGAAGTCGATG,57.0,,no_RNA_counts,
AACTAGTTTGCG,8.0,,low_DNA_counts,
ATGCGGAAATGC,20.0,,no_RNA_counts,
GATCGCGACATG,112.0,,no_RNA_counts,
ACGTACTGTGCG,35.0,,no_RNA_counts,
CGTACACTTGAC,82.0,2.0,0.025712384400497952,-1.5898576478237614
CTTCATAGGACC,26.0,2.0,0.08109290464772433,-1.0910171434108626
GATAGAGCTGAT,44.0,3.0,0.07187780184684656,-1.1434052128705507
CAGTGACTCTGC,70.0,76.0,1.144568425599309,0.05864176116250869
TTGGCCTATTGA,16.0,1.0,0.065887985026276,-1.1811937737599507
GATAATTCGCAG,17.0,2.0,0.12402444240240189,-0.9064927168183186
GTCCAACATCTT,24.0,3.0,0.13177597005255204,-0.8801637780959694
ACGAGAGGAACT,42.0,8.0,0.20080147817531735,-0.6972330945099827
CCGGTGGTTATT,14.0,7.0,0.527103880210208,-0.27810378676800707
CAAGCTTACAGG,,12.0,no_DNA_counts,
GCAAGTATAGCT,9.0,1.0,low_DNA_counts,
TGAGACAATGCA,6.0,2.0,low_DNA_counts,
CCCATACCTCGT,88.0,1.0,0.011979633641141092,-1.9215564632541944
TGGTCCAAGCGT,58.0,,no_RNA_counts,
AAGAGCGCATAC,67.0,,no_RNA_counts,
CACCGCTAAACG,5.0,574.0,low_DNA_counts,
TTCCTGCCGTTT,18.0,6.0,0.35140258680680536,-0.4541950458236883
CACGTGAAATGC,45.0,6.0,0.14056103472272216,-0.8521350544957258
CGAAGAGACACC,15.0,,no_RNA_counts,
GTAGGATGGTGC,77.0,27.0,0.36965726664092513,-0.4322007521175204
GCCGTGATACTG,9.0,1.0,low_DNA_counts,
CTGAGACGGACT,34.0,3.0,0.09301833180180143,-1.0314314534266185
GAACGATTGAGA,222.0,12.0,0.05698420326596844,-1.2442455195070397
CTCTAGTGGTTC,22.0,,no_RNA_counts,
GAATGTTTGCCT,44.0,1.0,0.023959267282282183,-1.6205264675902133
GCGCTGATTTAG,11.0,2.0,0.19167413825825746,-0.7174364805982697
GTTTAGTACGTG,37.0,6.0,0.17095260979790533,-0.7671242647873772
ACTTATCAGCAG,41.0,6.0,0.15427430640298773,-0.8117063974401177
CACCCTACGAGT,34.0,3.0,0.09301833180180143,-1.0314314534266185
ACGCACTTTCCG,3.0,,low_DNA_counts,
GCGCTCTATTAA,,,no_DNA_counts,
ACAAATTGCCAG,214.0,9.0,0.044335840391512824,-1.353245055013892
CACCAGTACGAA,21.0,1.0,0.05020036954382934,-1.2992930858379452
AACCGTGACTAA,26.0,1.0,0.04054645232386216,-1.3920471390748437
GAGTACAGAGCG,26.0,2.0,0.08109290464772433,-1.0910171434108626
CTCACTCTGATG,33.0,,no_RNA_counts,
TCGAATCGTGGG,17.0,2.0,0.12402444240240189,-0.9064927168183186
CAACACCGGACT,10.0,,no_RNA_counts,
CCACAGGACACA,85.0,4.0,0.04960977696096076,-1.3044327254903563
ACCGCTACGTAG,27.0,56.0,2.1865049845756777,0.33975047174318723
AGAGCAGCATAT,46.0,2.0,0.04583512001827896,-1.3388016271216188
TGTATTCGCGTT,,,no_DNA_counts,
CAATTGGGTGCA,14.0,2.0,0.150601108631488,-0.8221718311182827
TGTGGGAGCATC,29.0,18.0,0.6543358512954306,-0.18419928389967594
GTCTATGGACCG,12.0,1.0,0.08785064670170135,-1.0562550371516506
ACCACGTGAAGG,30.0,,no_RNA_counts,
TAGCGACTTCTT,8.0,1.0,low_DNA_counts,
TAAGTAGCCGAG,27.0,1.0,0.03904473186742281,-1.4084375552630133
GACTGACTTCTG,15.0,1.0,0.07028051736136107,-1.153165050159707
GAATAGCACGGA,6.0,,low_DNA_counts,
CATACCACCTCG,15.0,6.0,0.42168310416816646,-0.3750137997760634
CATACCCACTCC,22.0,1.0,0.047918534564564366,-1.319496471926232
ATGATATGCCAG,,39.0,no_DNA_counts,
ATGAGTAATCCC,9.0,,low_DNA_counts,
GCACCTTTGCCT,25.0,2.0,0.08433662083363329,-1.0739838041120822
GACCCGTAGAAG,25.0,10.0,0.42168310416816646,-0.3750137997760634
TGAAGAGGCATC,41.0,,no_RNA_counts,
GGATAGGTTGGA,35.0,,no_RNA_counts,
CGTCAACCGTAT,17.0,74.0,4.58890436888887,0.6617090072486764
GACGTCAGGACT,27.0,5.0,0.19522365933711408,-0.7094675509269944
TTCTTCGGGAAG,27.0,2.0,0.07808946373484563,-1.107407559599032
TAGGCTACGCAC,71.0,1.0,0.014847996625639664,-1.8283321398231012
CAACTCTGCATC,11.0,4075.0,390.5360567011995,2.5916611368137445
ATATGCTATGCC,64.0,3.0,0.04941598876970701,-1.3061325103682506
ACAGCGAGCAAG,39.0,1.0,0.027030968215908106,-1.568138398130525
TGACGAACGATT,18.0,1.0,0.05856709780113423,-1.232346296207332
AGGCCTACATAA,25.0,35.0,1.4758908645885827,0.16905424457421223
AGAGCGTGGACT,33.0,1.0,0.03194568970970958,-1.4955877309819132
TATGTTAGGGCC,8.0,,low_DNA_counts,
TGAGTCTGAACT,,,no_DNA_counts,
GAATGCTGTCAG,11.0,,no_RNA_counts,
AGCACGTCGAGA,25.0,4.0,0.16867324166726658,-0.772953808448101
GTTTGTACACTG,16.0,2.0,0.131775970052552,-0.8801637780959695
TGGAAGCGCATA,37.0,3.0,0.08547630489895267,-1.0681542604513583
CACAGGAGCTCT,9.0,4.0,low_DNA_counts,
ACGTTGATGTTG,42.0,2.0,0.05020036954382934,-1.2992930858379452
TTGACCGTGCTG,6.0,182.0,low_DNA_counts,
TTGCAGGGACAC,28.0,1.0,0.037650277157872,-1.4242318224462451
AAGACGGCAACT,31.0,,no_RNA_counts,
ATGACTTTGCTC,23.0,2.0,0.09167024003655792,-1.0377716314576375
GCGTGTCTCACA,64.0,2.0,0.032943992513138,-1.4822237694239317
TGTAAGCAACGC,20.0,,no_RNA_counts,
CGAAACGTAGTT,19.0,,no_RNA_counts,
TCTCACTGAGGC,17.0,11.0,0.6821344332132104,-0.16613002732407472
GCGGATTAGCCA,26.0,1.0,0.04054645232386216,-1.3920471390748437
TGCGGGACTAAG,226.0,,no_RNA_counts,
GATAGCTGTCAC,6.0,,low_DNA_counts,
ATAGTAGGAGCC,6.0,,low_DNA_counts,
TAGGGAGAATGT,56.0,8.0,0.150601108631488,-0.8221718311182827
CCTTGCATTCGA,19.0,49.0,2.7187463295052834,0.43436868797165884
AATACTGCTCAG,33.0,,no_RNA_counts,
TACCGGCGCTAA,45.0,15.0,0.3514025868068053,-0.45419504582368836
GTTGAGGTCATC,38.0,12.0,0.33290771381697354,-0.47767614167321115
CACTCGGCTAGT,14.0,3.0,0.22590166294723205,-0.6460805720626014
TTGCAGAGGACT,44.0,1.0,0.023959267282282183,-1.6205264675902133
GTTAGCGCTGTC,,1.0,no_DNA_counts,
ACACACTGTTGC,108.0,1.0,0.009761182966855703,-2.0104975465909756
CTGGACGAATCG,37.0,3.0,0.08547630489895267,-1.0681542604513583
AGCTAAGATGGT,37.0,2.0,0.05698420326596844,-1.2442455195070397
GACTCTAGCTTG,15.0,1.0,0.07028051736136107,-1.153165050159707
GTACATCGCTCG,42.0,1.0,0.02510018477191467,-1.6003230815019263
TGTCGTTTGCCA,27.0,2.0,0.07808946373484563,-1.107407559599032
CTCACTCCTAGG,28.0,7.0,0.263551940105104,-0.5791337824319882
AGTCAAGGGTAT,42.0,1.0,0.02510018477191467,-1.6003230815019263
GCTAGACCGTCT,28.0,3.0,0.11295083147361602,-0.9471105677265825
GAGGTAACGCCA,22.0,2.0,0.09583706912912873,-1.0184664762622508
GGATTCGAGACA,4.0,,low_DNA_counts,
GACATGGATCTT,8.0,23.0,low_DNA_counts,
GCTCCTGTCGAT,11.0,,no_RNA_counts,
GCAAGAGTTGCG,16.0,,no_RNA_counts,
TAATGAGCCCTG,22.0,2.0,0.09583706912912873,-1.0184664762622508
GCTGCGAACAAC,76.0,1.0,0.013871154742373895,-1.8578873833848173
CGATGAGATACA,23.0,3.0,0.1375053600548369,-0.8616803724019562
TTCCGTAGATAC,18.0,2.0,0.11713419560226845,-0.9313163005433507
AGACTTTGACTG,32.0,1.0,0.032943992513138,-1.4822237694239317
AGAGCAGTAAGG,10.0,,no_RNA_counts,
CTCACGACAACG,49.0,4.0,0.08605777636085028,-1.0652098798045773
GATCGGAGCTAA,18.0,30.0,1.7570129340340266,0.24477495851233047
AAACGGGTATGA,110.0,3.0,0.028751120738738624,-1.5413452215425885
CCAAGTTGAGTG,26.0,,no_RNA_counts,
TAGCTGCGTTAA,15.0,,no_RNA_counts,
GTACTCCTTCGA,9.0,2.0,low_DNA_counts,
TAAAGCAGCGCG,24.0,1349.0,59.25526120029756,1.7727269168562725
CTGATATCCTCG,38.0,1.0,0.02774230948474779,-1.556857387720836
GACCAGTGTTTC,25.0,2.0,0.08433662083363329,-1.0739838041120822
AGGATGGTACAC,60.0,1.0,0.017570129340340267,-1.7552250414876696
ACACAGCAGCTG,56.0,2.0,0.037650277157872,-1.4242318224462451
TAGAAGACCGGA,16.0,2.0,0.131775970052552,-0.8801637780959695
CCTTTCACACTG,9.0,,low_DNA_counts,
CTCACAGATGTC,17.0,1.0,0.062012221201200944,-1.2075227124822998
TGCTACCACCAA,109.0,2.0,0.019343261659090203,-1.7134702933806683
GTTCTCTTGCAG,2.0,,low_DNA_counts,
GTTCGTGGTGCT,20.0,,no_RNA_counts,
CCAGATCTGGAT,7.0,,low_DNA_counts,
GCATTGCAATCT,28.0,,no_RNA_counts,
GGCCAATGCACT,24.0,2.0,0.08785064670170135,-1.0562550371516506
TTGACTCAGGCG,26.0,2.0,0.08109290464772433,-1.0910171434108626
ATGGAGACGAAT,28.0,,no_RNA_counts,
CCATAGTCCTAA,60.0,3.0,0.05271038802102081,-1.278103786768007
CCGGTAGATCAG,2.0,,low_DNA_counts,
ACATCCATGCGA,58.0,2.0,0.036351991738635035,-1.439471789002982
TCCTGATTTGTG,17.0,,no_RNA_counts,
TACGTCGGAACC,3.0,,low_DNA_counts,
TCGTGAGGCTGA,8.0,,low_DNA_counts,
CTCGAGTTTGGA,22.0,,no_RNA_counts,
GGTCATGTAGAC,26.0,1.0,0.04054645232386216,-1.3920471390748437
CAGGATCTCGAT,18.0,,no_RNA_counts,
CGAAGGACAACC,6.0,,low_DNA_counts,
GTCGATTTGTGT,26.0,1.0,0.04054645232386216,-1.3920471390748437
CAACCGATGGTA,77.0,4.0,0.05476403950235927,-1.2615045249485453
ACTCCACCTAAT,13.0,,no_RNA_counts,
GTAGAGCACATT,3.0,,low_DNA_counts,
CGCTAAACCCAA,19.0,1.0,0.05548461896949558,-1.2558273920568548
CGCGCCTAACAT,39.0,6.0,0.16218580929544865,-0.7899871477468814
GTCCAGTGAATG,34.0,72.0,2.232439963243234,0.34877978828498746
ACATGAGTCCGG,5.0,1.0,low_DNA_counts,
TGATTTGGCGTT,18.0,,no_RNA_counts,
CATACGTGGAAG,10.0,1.0,0.10542077604204161,-0.9770737911040258
ACCTTCCATTAC,67.0,6.0,0.09440666511227606,-1.0249973434212087
CCTTAGCAGCGA,12.0,,no_RNA_counts,
CAGTATCTTGGC,38.0,13.0,0.36065002330172125,-0.4429140354139993
CTGGAGACATTG,50.0,,no_RNA_counts,
GATGTCCCAAAT,324.0,14.0,0.045552187178659956,-1.3414907656324
GTAGGAAGCCAC,33.0,4.0,0.12778275883883833,-0.8935277396539509
AGATGCGACACC,19.0,6.0,0.33290771381697354,-0.47767614167321115
CTCTAGGACACA,16.0,3.0,0.19766395507882803,-0.7040725190402881
TGGTCGGATACC,12.0,1.0,0.08785064670170135,-1.0562550371516506
GGAGAGGAATTT,37.0,1.0,0.02849210163298422,-1.545275515171021
AGGGTAGCTTGT,3.0,,low_DNA_counts,
CGATATGCTACT,22.0,2.0,0.09583706912912873,-1.0184664762622508
TTGAGGATCGGG,127.0,82.0,0.6806695775942844,-0.16706365967626605
GGTGTGTTTACT,15.0,102.0,7.168612770858829,0.8554351216022105
TCCCGCATAATG,5.0,,low_DNA_counts,
CACACAGCACAG,58.0,6.0,0.10905597521590511,-0.9623505342833195
ACAGTCAGCATT,53.0,1.0,0.019890712460762565,-1.7013496607048149
CAGCTTGCAAAT,173.0,18.0,0.10968635657553462,-0.9598473891295152
TCCTCTTCCTAC,21.0,,no_RNA_counts,
GGACCCATTGCT,,,no_DNA_counts,
AACGAAGGCGAT,37.0,19.0,0.5413499310267001,-0.2665219142181919
ATCCGCTACTCG,15.0,5.0,0.35140258680680536,-0.4541950458236883
CTGTACGAGAAG,35.0,1.0,0.030120221726297604,-1.5211418354543014
TACATACTGCTG,59.0,,no_RNA_counts,
ACTACACCCTAA,15.0,2.0,0.14056103472272213,-0.8521350544957259
AAGTCGCCTGTG,23.0,1.0,0.04583512001827896,-1.3388016271216188
AGGCTCCGTAGT,16.0,,no_RNA_counts,
ATCTAAGGTGCA,6.0,7.0,low_DNA_counts,
GAGCCTGTCGAA,31.0,6.0,0.20404021169427408,-0.6902842345546549
ACTCGAGCTTGT,31.0,5.0,0.1700335097452284,-0.7694654806022797
GGAGTAGTGGAT,34.0,1.0,0.031006110600600472,-1.508552708146281
ACCCAGCGAAGT,54.0,1.0,0.019522365933711407,-1.7094675509269943
GAACGCGTAAGT,4.0,208.0,low_DNA_counts,
CGTACGCTGAAT,6.0,73.0,low_DNA_counts,
AGCTAGATGCTG,64.0,16.0,0.263551940105104,-0.5791337824319882
CACTTCTGTACT,9.0,,low_DNA_counts,
CTGCTGGAGCTT,34.0,1.0,0.031006110600600472,-1.508552708146281
ATGCCACCGTAT,24.0,3.0,0.13177597005255204,-0.8801637780959694
GTCATACGGCCT,26.0,11.0,0.44601097556248376,-0.35065445391661876
CTTGTACGCATC,22.0,2.0,0.09583706912912873,-1.0184664762622508
AGACTCTCCACA,5.0,,low_DNA_counts,
TGCATGCACCTG,21.0,,no_RNA_counts,
TCGTTGTACACA,26.0,3.0,0.1216393569715865,-0.9149258843551813
ACTAGTTCGTTC,,,no_DNA_counts,
TATACGAGTGGA,42.0,2.0,0.05020036954382934,-1.2992930858379452
AGACGTGCATGT,118.0,1.0,0.008933964071359457,-2.048955798410151
TCGAGCACTATA,16.0,29.0,1.9107515657620042,0.2812042241390055
TCTGTATGCATC,5.0,5.0,low_DNA_counts,
ATAGTTAGTGGC,42.0,7.0,0.17570129340340268,-0.7552250414876694
ATTGAGTATGGG,38.0,1.0,0.02774230948474779,-1.556857387720836
ATAGCGTGCATT,56.0,27.0,0.5082787416312721,-0.2938980539512389
CATCACTCCAAC,58.0,27.0,0.490751888471573,-0.30913802050797584
AGTGTTGATCGA,39.0,1.0,0.027030968215908106,-1.568138398130525
CCCTAACACTGA,10.0,33.0,3.4788856093873735,0.5414401487738617
CTTACTGTATCC,83.0,4.0,0.05080519327327306,-1.2940918921521374
GGTGCCGCTATA,18.0,1.0,0.05856709780113423,-1.232346296207332
ATTCCAAGCCTG,9.0,1.0,low_DNA_counts,
TAGGCTCAATCG,36.0,4.0,0.11713419560226845,-0.9313163005433507
TGCTCGGATCGT,23.0,16.0,0.7333619202924634,-0.13468164446569394
TGAACGTCCCAG,3.0,4.0,low_DNA_counts,
CGCGACACATTT,36.0,,no_RNA_counts,
TGCGCGTATAAC,14.0,1.0,0.075300554315744,-1.1232018267822639
ACTGCTTCGCTC,24.0,1.0,0.04392532335085068,-1.3572850328156318
TGGGTACATCGA,15.0,9.0,0.6325246562522496,-0.19892254072038223
TCCAAGAGTACT,19.0,89.0,4.938131088285107,0.6935626145880579
AGAAGGTGGCAA,26.0,,no_RNA_counts,
GGTCTCCCAACT,12.0,93.0,8.170110143258226,0.9122279114022845
ATAAGGCATACC,1.0,4.0,low_DNA_counts,
ATTAGAGCACGT,27.0,3.0,0.11713419560226845,-0.9313163005433507
TGAGTCACACGT,,,no_DNA_counts,
AACATGGTCCGG,61.0,3.0,0.051846283299364734,-1.2852823713951305
AGCGTCATCTCT,3.0,1.0,low_DNA_counts,
ATTACACCTTCC,23.0,1.0,0.04583512001827896,-1.3388016271216188
GCTCCCAATGCT,98.0,,no_RNA_counts,
GTCGACAAGCTC,55.0,1.0,0.019167413825825746,-1.7174364805982698
TCCCATCACAAC,23.0,3.0,0.1375053600548369,-0.8616803724019562
CCTAGTGGTTGT,39.0,2.0,0.05406193643181621,-1.2671084024665438
AGCGGGTAATGA,21.0,2.0,0.10040073908765867,-0.998263090173964
GTGAGACCAACT,44.0,1.0,0.023959267282282183,-1.6205264675902133
TCGAGAACCACG,19.0,2.0,0.11096923793899116,-0.9547973963928736
TCCTGAGGAGTT,19.0,,no_RNA_counts,
GCGCTCCTTGAA,12.0,3.0,0.2635519401051041,-0.5791337824319881
AAGGGACGAAAT,10.0,,no_RNA_counts,
CTCCTTCAGTCT,132.0,716.0,5.718278458038014,0.7572652999979799
GGAACGAATGCT,26.0,1.0,0.04054645232386216,-1.3920471390748437
CCTGTTCCCAAT,10.0,59.0,6.219825786480456,0.7937782205381184
CCCTATTGTACT,18.0,2.0,0.11713419560226845,-0.9313163005433507
GCGACATGACTG,7.0,2.0,low_DNA_counts,
ATAGACGGATGA,25.0,2.0,0.08433662083363329,-1.0739838041120822
GAATGATTGACC,17.0,204.0,12.650493125044992,1.102107454943599
GAGAATGGTTCT,54.0,7.0,0.13665656153597985,-0.8643695109127375
ACACGGATATGC,18.0,4.0,0.2342683912045369,-0.6302863048793695
GCAACTTCTGGG,8.0,2.0,low_DNA_counts,
CAGGTGTACGAA,27.0,7.0,0.2733131230719597,-0.5633395152487564
GTCACATGCTGA,23.0,3.0,0.1375053600548369,-0.8616803724019562
GCAGAACGTTGC,8.0,,low_DNA_counts,
CGAATAGGAGAC,22.0,,no_RNA_counts,
CCATAGTGAGCG,19.0,24.0,1.3316308552678942,0.12438384965475126
ATCTGGTCTTCG,13.0,,no_RNA_counts,
GCCTCGTAACAG,26.0,1.0,0.04054645232386216,-1.3920471390748437
TGAAGATGAGGT,51.0,8.0,0.16536592320320254,-0.7815539802100187
GTCCAAATGACT,38.0,5.0,0.13871154742373895,-0.8578873833848172
ACGTATAGGAAG,7.0,,low_DNA_counts,
CGTCGAACAGAA,79.0,15.0,0.20016603045957268,-0.6986096233387861
TCTAGTCCTTCT,168.0,2.0,0.012550092385957334,-1.9013530771659075
GACTGCATGCGA,,,no_DNA_counts,
TGTATGCCCACA,59.0,6.0,0.10720756885631351,-0.9697745523625264
GGACTCTTTAAG,56.0,4.0,0.075300554315744,-1.1232018267822639
GCTGAATGAGTC,39.0,4.0,0.10812387286363243,-0.9660784068025626
TCCGGTAGACAG,35.0,,no_RNA_counts,
TAAGGCTGGCTG,325.0,2.0,0.006487432371817946,-2.187927156418919
CTGCGAACTCTG,14.0,,no_RNA_counts,
TTGGATGCCACA,18.0,,no_RNA_counts,
CGACACTCTTCG,40.0,6.0,0.15813116406306243,-0.8009825320483446
CTGTGTACAGGG,61.0,2.0,0.03456418886624315,-1.4613736304508118
GCTGTACTCCGT,25.0,73.0,3.0782866604276147,0.4883090603443924
CTGTTGTGCTGA,35.0,1.0,0.030120221726297604,-1.5211418354543014
ATACTCTCCGTT,26.0,1.0,0.04054645232386216,-1.3920471390748437
CGATGACGAAAG,46.0,,no_RNA_counts,
TATGGTCGTCAC,9.0,1.0,low_DNA_counts,
CATGCAATCTTG,13.0,,no_RNA_counts,
AGTTACCCATGG,19.0,3.0,0.16645385690848677,-0.7787061373371923
TCGATCGGCTCT,13.0,1.0,0.08109290464772433,-1.0910171434108626
ATCAAGTCCACG,,2.0,no_DNA_counts,
TAGATCCAGAGC,18.0,2.0,0.11713419560226845,-0.9313163005433507
TTCCAGTTTGTG,34.0,1.0,0.031006110600600472,-1.508552708146281
AGTTGATTTCGG,167.0,,no_RNA_counts,
TGAAGACACGAG,1.0,,low_DNA_counts,
GCATGAAGATGA,58.0,1.0,0.018175995869317518,-1.7405017846669633
GATCAACGACCA,32.0,,no_RNA_counts,
GCACGTTGCATA,22.0,2.0,0.09583706912912873,-1.0184664762622508
GTCCAGGATGTG,35.0,1.0,0.030120221726297604,-1.5211418354543014
ATAGCACGAACG,52.0,26.0,0.527103880210208,-0.27810378676800707
CTGTGAGTACCG,41.0,2.0,0.051424768800995904,-1.2888276521597801
ACGGCTGAATCT,17.0,1.0,0.062012221201200944,-1.2075227124822998
CTTGCTAGGCCA,113.0,3.0,0.02798781664832963,-1.553030979867783
AGATGAGTGCGA,67.0,4.0,0.06293777674151738,-1.2010886024768899
AATCGAGGTGGG,18.0,3.0,0.17570129340340268,-0.7552250414876694
CGTTGAACCTGC,35.0,11.0,0.33132243898927366,-0.4797491502960764
CTCCGTATCTCT,16.0,,no_RNA_counts,
TAGACTATGCCG,49.0,6.0,0.12908666454127543,-0.8891186207488959
CGAGGTCAATAG,185.0,6.0,0.03419052195958106,-1.466094269123396
CTTTCGTCGACT,226.0,5.0,0.023323180540274692,-1.632212225915408
GCTGCGTAAAGA,9.0,12.0,low_DNA_counts,
ACTTGGCTTCAC,33.0,,no_RNA_counts,
AACGAAACCGCG,54.0,20.0,0.39044731867422816,-0.4084375552630132
AATCGGAGGTGG,77.0,4.0,0.05476403950235927,-1.2615045249485453
CGTCGATCTATA,9.0,,low_DNA_counts,
TCGGCTGTGGTA,55.0,3.0,0.05750224147747725,-1.2403152258786072
