Barcode,Ecinvitro_rep1_DNA_Ecinvitro_rep1_RNA_tx_log10,Ecinvitro_rep2_DNA_Ecinvitro_rep2_RNA_tx_log10,Ecinvivo_rep1_DNA_Ecinvivo_rep1_RNA_tx_log10,Ecinvivo_rep2_DNA_Ecinvivo_rep2_RNA_tx_log10
GCATGGCTGTTT,-1.3554851404533277,-1.3194964719262319,,
AACGAGGTTGCT,,,,-1.7191056659923252
ATGACATATCCG,-1.4170031783725427,-0.9313163005433508,,
CCCTGTGTGTTT,,-1.3512108851034386,,
GCATCGCATTTC,-0.799937278419622,-0.9215564632541944,-1.2425223434441788,-1.3446467531698103
TTGTCCCGGGTT,0.9330994045139576,1.1967845865193634,1.266555664283616,
GACGAGGAATCT,,,,
AATGGCGCGGTA,,,,
GAACAAACCCGG,,-1.4776761416732112,-1.170930648767802,-1.5282911501159375
AGCTCTCATTTC,0.16114465555000826,0.1597641688039818,0.18653746580524425,0.1803980538670348
CATACGTCGTGA,-1.315976599169654,-1.2992930858379452,,
GGGCGATTGTGA,-0.4708785591553973,-0.19892254072038212,-0.5758195173951675,-0.5887718974973191
AAACGACATCGG,-0.9075711568194516,-0.8143464936063262,-0.13186662592815965,-0.3881124469509008
CTGTCGAAATTG,-1.2242062258140087,,,
GTAGCTTTGGGT,-1.4251210685947222,-1.3194964719262319,,
CTCAGGGATCAG,,,,
AAGCGTTCGAGA,,-1.0910171434108626,,
TACGACCGGAGA,-1.2242062258140087,,,
CATAAGGCTCAA,-1.5619590285027298,-1.6105422466836123,,-1.6786770089367171
CTCGGCGATTAC,,-1.1811937737599507,,-1.4083158330391878
ACGCACCACAAT,,-1.5085527081462808,,-1.6099611965672571
TGGAGAGTGTGA,,,,
TGCTCCAACAGA,,,,
ACACAGGATCTC,,-0.9982630901739641,,
GCGGATACATTG,,,,
AAGGTAGACGTG,,-1.4955877309819132,,
CCACCAATCCAA,,-1.0681542604513583,,
CGAGGTATACGA,,,,
ACGACCGTGGAA,-0.6927273087717536,,,-0.8440444026006252
AGGCCAGAAACG,,-0.4541950458236882,,
CAACGTCCTATC,,,,
AGGGCTAACGTT,0.031796800036653285,-0.06815426045135843,-0.5670708435008736,-0.6265604583867188
GCAAGATGTACA,-1.9180365904976164,-1.9115722423475936,,
CAACACTGCTTT,,,,-1.1072858373752066
CTGAAAGGCTGT,,,,
ATTGCATCTCTG,-1.4708785591553972,-1.107407559599032,,
GTCAGAACACGT,-0.4112928691711532,-0.2928270435887133,-1.30281824533143,-1.2700131348729062
GTAGCCTATCCT,,-1.7552250414876696,,
AGTCAGGACAGT,0.10315270857232163,-0.19892254072038226,,-0.6399244199447004
GCGGTTTAAGCA,-0.24902980953904094,-0.4357116401296751,-1.017582516850681,-1.003745245468137
GTAGTCGTTGCA,,,,-1.699361607796568
TACTTGTTCCCT,,,,
ACAGCGTAGCGT,,,,
CAATCCGACCGA,-0.8388553444499917,-0.6180518484623578,-1.649605731556086,
CACGGCTTGAAA,-0.09849265495574784,,0.3818027326955379,0.2931287904246864
TGGGTTGCCTAG,,,,
AAGTGTCGACAA,-0.7207560323719971,-0.5333762918713131,-1.0252693455169717,-0.6301645826555441
ATACCCGCTGTT,,-1.2201118397903203,,
CCTTGATGAGCC,-0.4330899982659975,-0.9547973963928736,-0.3785389592695482,-0.8440444026006252
CATGGATAGGCA,,-1.7966177266458945,,
GTATGGACGGAC,,,,
GATGAGACTAGA,,,,
CAGAAGCGTTGC,,-1.0377716314576375,,
TCCTGATAGAGC,,-1.3920471390748437,,
ACACACTGAGGG,-1.0729385504833595,-0.2500750631677636,,
AACCGCCAACTG,,-0.9190818441263392,,
TTGGTCCTTTGG,,-1.9064927168183183,,
TGATCGAGTCAG,-0.4039317695247841,-0.30806701014545024,-0.9048782366593924,-1.1072858373752066
CTCAAGTACAGC,-1.8570801645561907,-1.2383366598965193,,
GAGGACTCGAAG,,-1.1384417933390008,,
GAGTCGCATGAT,,,,
CCAACACCGACT,,-0.9982630901739641,,
ATCTGTGTCGAC,,-1.0184664762622508,,
TGAGGAGGGAAC,-0.9714809097245828,-0.7174364805982697,-1.3262993411809527,
GAGCAACGTCAA,,-1.0562550371516506,,
CCGTGAAACGCT,,-0.6138958886911999,-1.348575735892105,
CCGATCTAGGAT,,,,
GACCGTCGACTT,,-1.153165050159707,,
CAAAGTGGTTTC,,,,
TCGTACAAGTAC,,-1.1127363931040992,,
GAAACAGTTCCG,-2.114331235641585,-1.4788175207320204,-1.750837118346785,
GTGACAGGAACG,-1.0906673174437913,,,
CTGATGCTCCAC,-1.4251210685947222,-1.4822237694239315,,
TGTGATGCCCAA,,-0.7174364805982697,,
TTTGACACCGCT,0.5113926738841712,,0.4198156772023824,0.1994212911804652
GTCCTGGGTTGT,,,,
CAGAACATTTGG,,,,
AATCGGTCGTGC,-1.329549406358928,-1.7174364805982698,-0.5594291012069982,-0.6521588763617121
TAGGTACACAGC,-1.6170065948336354,-1.2075227124822998,,
CGCTATGGCTAA,,,,
TCTCGTCCAAAG,,,,
TCCCTGAGTGTA,,,,
AGACCTACCGAT,-0.9714809097245828,-0.4541950458236883,-0.9506357272200674,
TGGGTCCATCTT,-1.1398853401139728,-0.8521350544957259,,
CGCTGACCAAAT,,,,
TTGTCTGCTTAC,-1.440915335777954,-0.5469490990605871,,
CTTGAAGGGATG,-1.4531497921949657,-1.7237079900416046,-2.196764852883504,-1.6049692510097582
CGTAAACAGATG,,,,
GAGGAGAGAACA,,-0.8801637780959695,,
GATGGCTTCCCA,,,,
GGAGCAGAGAAC,-0.2667585764994725,-0.19892254072038212,-0.7677050436340807,-0.5052258460472442
CCACTGATTCCA,,,,
GGACTGATTCCG,,-0.9471105677265824,,
CATCAATGTCCG,-0.5166360497160725,-0.13677463397153775,0.6162598470446441,0.7299868651270937
GTAGGCAGCTTG,,-1.945556739657961,-1.6909984167143113,
CGTAAACCTTCG,-0.4197260367080161,-0.07774395298538905,-0.5916137845783995,-0.6187351208747622
TGCTCGAGAATC,,,,
GGGTTCACATAC,,-1.5211418354543014,,-1.4972569163759688
GGAAAGAAGCCG,-1.2242062258140087,-0.9471105677265824,,
TCTATGTAGTCC,,,,
ACAGCGTGTGTG,,-1.153165050159707,,
TGTGTTCCCTGA,,-1.545275515171021,,
TTTGCAGGCGGT,,-1.4955877309819132,,
GTCCAACGTGAT,-0.6927273087717536,,,
TATGGGCGAGAT,,,-0.7242393498529903,-0.5941669293840253
GATGAAGGTCGT,,,,
TCGCGTGATACG,,,,
GACACGCTTAAC,-1.169848563491416,-0.8521350544957259,,
CAAGCCGTGGAA,,,,
TAGAAGGCTAGA,,,,
TGAGGAGGTCGT,0.0062426955642651705,0.11983622190403058,-0.3619396974500864,-0.4461043939285875
GATGAAGCATTC,,,,
GGAGTGAAGGTA,,-1.6105422466836123,,
GACGCTATGTCT,-0.6110572623204341,-0.7304014577626373,-0.10079125218134888,0.04681112797430677
ACCTCTACGAGC,,,,
ATCAGGTGCATA,-0.0379609669277883,-0.08428376075189427,-0.15669020965319186,-0.4745570262807922
CTGCCCAAATGT,,-1.3388016271216188,,
CTGGTGAAACGC,,-1.3572850328156318,,
GGTAACTACGAG,-1.1978772870916596,-0.7787061373371923,-0.9506357272200674,-0.7648631565530003
CCGTGAAGTCGT,,,,
GAGGAATCGTTC,,,,
TCCTCTCACCAT,-1.3261957643513402,-1.3920471390748437,,-1.3881124469509007
CCCATATGGGTT,,-1.2075227124822998,-1.0017882496674486,
CTTACACGCCCT,-1.169848563491416,-1.2075227124822998,0.08278802826688235,0.17714489646931295
GCTGAGCGTTTC,,,,
GTTCGAGGTTTC,-1.94799981387506,-1.3061325103682506,-0.7317924877434363,-1.0201356616563064
AAGCAGACACTT,-1.8570801645561907,-1.9215564632541944,-2.0343174744943684,
ACCAAGAGTTCC,-1.9575451317812902,-1.4084375552630133,,
CACTGAGTCTAC,-0.4147626171764659,-0.8423752172065696,0.5322378563886864,0.2922797295835685
AGTTCTCTGCTT,,,,-0.8675254984501479
CAGGTAACGTGA,-0.3617340897303292,-0.2781037867680071,0.8873916140158145,1.0728737838148874
GTTGCGGTTCCA,-0.5580287348742975,,,-0.8062558417112254
GACCGTAGCAAG,-1.9282557556793023,-1.1811937737599507,,
ATGCTTCTGAGG,,,,
TACTTGTGGGTC,,,,
TCTCGGACAATC,,,,
GAACGAGGAAGA,,,,
AGCTCTTGGACA,0.23669161694253896,0.14786494550427418,-0.265601500827341,-0.5296504453786623
GAGGAACACTAG,-1.440915335777954,,,
AAGGCCTACAAA,-0.8968472914276784,,,-1.4276209882345745
GTGCGACCTATA,,,,
GTTGGCTGCTAA,,,-1.047545740228124,
TACGAAGCAGCT,,-1.8521350544957256,,
TTTGAGATCGGG,,,,
TTCCAGCGAATC,-1.3055111654914893,-1.3920471390748437,-0.8926437802423807,-1.7093458287031689
ACTGAACGGAGG,-0.2891834225817176,-0.30038018147915924,0.5350856992615126,0.7348239260654035
CTTGCAAAGGCA,,-0.7787061373371923,,-1.2419844112726628
TACGTAGCGGTG,-2.1840890026060262,-2.1560507383971954,-1.904878236659392,-1.9743781710956316
GGGATTGCCTAT,,-0.9660784068025626,,
ACTCGGCAATCG,,-1.123201826782264,,
ACCATGAAGGTG,0.2326390729313421,0.3861041113087999,1.0913639384449327,1.0644406162780249
TTGAGGTGTCCC,-0.2818223229353484,-0.2781037867680071,-1.1502080821252716,-0.8440444026006252
ACGGGTTCGGTA,,,,
TCCATCTCTGAC,,,,
GAGTGTGTGAGA,,-1.107407559599032,,
CCTTTGCAGAGT,-1.943147311080648,-1.2100699014961798,-1.9560307591067732,-1.9849712445930556
ACCCTGGATACT,,-1.3750137997760634,,
GTGACCACTGCT,,-1.0797361330011734,,-1.7093458287031689
AGGCAGACAACA,,,,
ATCCCGTGTGCT,,,,
TCTTGCTACCAA,,,,
GAATGCATCCGT,,,,
CGTTTCACTACA,,,,-1.9351248719479577
CCTCGACACATT,,,,
GGTTATCTGGTG,-0.5378253487860105,-0.7252618181102262,-0.5246669949477862,-0.5130511835592008
TCGGCAAATACC,,-1.8159228818412807,,
TGAGGCATAGGC,,,,
CTCGTAAAGGTT,,-1.5211418354543014,,
CTGGGTGGTTTG,-0.8968472914276784,,,-1.7191056659923252
TGCGGACAGGTT,,-0.8978925450564009,,
TTCATCACCTCT,-0.7419453314419353,-0.5211418354543014,,-1.5282911501159375
AGTTCGCAGTTG,,-1.3572850328156318,,
CTGTACTGTACT,-0.3247505234771593,0.02292620889597415,0.3692796126042876,0.2888217024097761
AACGGATGTCGT,,,,
GATAGGGTCTGC,-0.006346431743755382,0.032069588335843974,-1.3147174686311376,
TGGTAGAACGTG,-1.2609290328387486,-1.0314314534266185,-0.7317924877434363,-0.4212808102035554
TGCTCGTCTGCT,-0.22223663295110432,-0.3411555325150961,-0.4454857489001615,-0.3347384645095614
CTCCATAATCGC,-1.440915335777954,-0.7405017846669631,-1.2378774383984152,-0.9409544156086816
TAAGGTGGTGTA,-2.395157845217279,-1.8654405212752632,,
GTAAGAGGCAAG,,,,
CAATACCCATTG,-0.8510898008670034,-0.7230403581162682,-1.30281824533143,-0.976669967875216
GTCTTCACGTGC,-0.6927273087717537,-0.17336843624799406,-0.1614890925349606,-0.2877419018333378
ACTGCGCGAAAC,,,-1.0889384253863488,-1.2120211878952196
AGTGCCGTGAGT,-0.6726573259964196,-0.5267457129723,-1.2779946616063975,-1.7043824091716189
TTGTGGGTAAGC,,,,
GTAACACGCGGT,,,-1.223636999283805,
ATTATGGGACGG,,-0.6205264675902133,,
GGTAGGATAGAC,,,,
ATGAGTTCCGAT,,,,
AAGACTGACCAT,,,,
TTGGTCCTTGCA,-1.4170031783725427,-1.6205264675902131,-1.0017882496674486,-1.1227980035534542
TACCAGGGTACA,-0.19005194957970312,-0.03834344784294857,-1.2905837889144185,-0.36692314788096253
ATCGTAGAGGTC,0.5638835471038146,0.4695093963661751,0.07739299638017615,-0.041759472500262136
AAATTGCGCGTC,,,,
CCTGGTATCTCT,,,,
GGGTTGTCGTAG,-1.7419453314419353,-1.1901486164128772,,-1.1072858373752066
CAGAAACGACAT,-1.2947873000997159,,,
TCCGCATCTAGT,,,,
AGTCCTACAACC,,-0.9770737911040258,,
AACACCGTGTGG,,-1.3095122510196309,,-1.781896495851781
ATCCCGGAATTG,,,-0.8926437802423807,
AGTGAACCCAGC,,-0.7899871477468814,,
TCGTTGCGAAGC,-1.3261957643513402,-1.0377716314576375,-1.208913742463099,-1.256224850387273
GTGTGTATCATG,,-1.3194964719262319,,
GTAGATCGAAGT,-1.5252362214779898,-1.2075227124822998,-1.30281824533143,-1.5572548460512543
AACATACGCATG,-0.4766308880444886,-0.32925630921538834,-0.4550310668063918,-1.003745245468137
TCTGGTACACAC,,-1.0910171434108626,,
AGTTGATGCCTG,,,,
AGGATCAAACCG,,,,
TCTTATTCCGCA,,,-0.4998434112227541,-0.6099611965672571
CGAAACCCAGGA,-1.891384395726176,-1.940861618449581,,
AGTACGGTCAGG,,,,
CCAAGTGCTCAT,-1.7719085548193785,,,
TGCATGCTTACT,,,,
GGTTGCTATTTC,-0.22570638095641696,-0.33362111461783844,0.0493642727799326,-0.1170456746643628
GTCATCGTGGTT,,-1.5625345206125263,-1.846886289681705,
TGACACTAACGG,-1.2112412486496411,-0.9547973963928736,,
GCTTGGCCAGTA,-1.4251210685947222,-1.1308886554485549,-1.30281824533143,-1.2461009774674952
CAATTGGCTTCC,1.4686406934632212,1.306922865261175,1.2276769918295718,0.9552961468529566
CGAGATTGGTAG,,-1.1743543492296449,,
ACACCGACATAC,,,,
GATCGACAAGCT,,,,-1.1798365045238184
GGTCAAGATGTG,-1.03514998959396,-1.1384417933390008,-0.5557012286877551,-0.4338699375115759
ACAGACGGTAAG,-1.3739685461473408,-1.4084375552630133,,
GAGAAGTCCCAT,-1.4989072827556407,-1.6491716490397432,,
ATGGCTCCACCT,,-1.9090399058321983,,
TCGAACAGTAGC,1.0226331117524343,1.0082029520752678,0.5229971996537737,0.3693359411745039
ACAAAGCCATAG,0.6386999877489894,0.6624126981645602,0.3640739657351064,0.35898848441408543
CTTGTGGTTTGG,,,,
TCTGCCCGAATC,-0.4708785591553973,-0.4330057467537502,-1.5099437381270802,-0.418075670328344
TGACCACTTTGG,,,,
GGACACTGAAGC,-1.2242062258140087,,,
TTCCGCAAATCG,,,,
TGTCACGGTCTG,-1.315976599169654,-0.8616803724019562,,-1.3211656573202877
TACTTCGCCAGA,-1.4804238770616276,-1.6445267439939797,-1.2864278291432605,
GTACCTTGCATC,,,,
CAGGAGAATCCC,0.04853175768034137,0.18743559540184015,1.5145668068157945,1.448732717986802
GTCTCCGATCGA,,,,
CCTAATAGGGTG,-1.440915335777954,-0.9770737911040258,,
TGTAGGTAGGCA,-1.345939822547097,-0.8908876434877425,-0.9936703594452692,-1.584407092094869
TTCCCGGATTTC,,,,
CTGGTTACCGAA,-1.3916973131077726,-1.1811937737599507,-0.5246669949477862,-0.8062558417112254
TAAGCAACAGTG,,,,0.6416770238809549
CTGCCCTTTAAG,-1.531576399509009,-1.7694654806022798,-1.5246669949477862,-1.5710431305368877
AAGCCTCGTGGA,,,,
ACCTACGTGGGT,-1.9180365904976164,-1.8908876434877424,,
GTCACTCGTCTT,,-0.8616803724019562,,
TACTACAGCGGG,0.6520816114708148,0.7077074727641794,-0.023412060511404386,-0.04537148507237977
GAATTTCAGCCA,-1.9512049537502711,-1.6445267439939797,-1.8670896757699924,
TATGAGGACCGG,,,1.472937792512668,1.405985047090309
AGGGAAAGGCTT,,,,
GGTTGCTTTGAG,,,,
TGTGGCTCGATA,,,,
GCTGTTTGAGGA,-0.29478730009971604,-0.6302863048793695,-1.1267269862757487,
TTCTGCTACAGC,0.0062426955642651705,-0.011835897363237705,-0.13469591594702396,0.16455576916129247
ATACGTTGATGG,0.4419712651257025,0.599178936617651,0.8741407352554783,1.0681367618379884
CGAAACAGCTGA,,,,
CCTGTGACTAGA,-1.5122712443136224,-1.5568573877208358,-1.4789095043871108,
TTTGTGCGACGT,,,,
TCGACGTCTTTC,-0.5773338900696839,-0.3211384189932089,,
CTGTTGTGTGGT,-1.3361799852579408,-1.123201826782264,,
GCTGCGAAATCC,,,,
CACGAAGGGCTT,,,,
TAGCCCGAGTAG,-1.4087306524065528,,,
GCCATTCTGTGA,1.5735405806330156,1.677102750773935,1.3572879763918142,1.5698998110452431
CCATAGACAGGC,-1.5958172957636971,-1.6491716490397432,,
TACCGCGAGACT,-1.3361799852579408,-1.232346296207332,,
CCAAGTGCAAGG,,-1.1743543492296449,-1.939640342918604,
TACGCATCGTGA,,-1.3388016271216188,,
ACCATCAGAAGT,-1.0941278495532978,-1.232346296207332,-0.763549083862923,-0.33270904734986106
CTCTTCAGCCAT,,-0.7710193086709014,,
CCTGTAAGCGCT,,-1.2992930858379452,,
TATCGATCGCCG,,-1.0910171434108626,-0.8008734068867353,
CTCCAATGTCCT,-1.7180331740365242,-0.7641798841405959,-0.5034776958778482,-0.8617731695610568
TAGGGAGTTGTC,-1.03514998959396,-1.2075227124822998,,
GAATGGATATGG,,-1.5736708867304858,,
AACTGTGATCCA,,,,
AGAAAGTGCGAG,-1.2490298095390409,-1.6003230815019265,-0.6953632221167613,-0.5588086741198759
GATCGCGACTAA,-1.272510905388564,,,
AAGCTCGAGACA,,-1.5898576478237614,,
TGAGGAGGGTTT,,,,
AAGCTGACGAAC,,-1.2242284059851525,,
TCGAAAGCTGTT,0.99746877125676,1.0865952887653514,1.5171899280760264,1.440054428681387
TGAGGAGTAGTG,,,,
GTCGCTAGCATC,,,,
TTCCCAAGAGAT,,,,
TGACTGGTGTGT,,,,
GGTCAATCTCTT,-0.3739685461473409,-0.410729352042598,-0.7677050436340807,-0.8951969250480065
TCCAACTATCTC,-1.3361799852579408,-0.7899871477468814,-0.6311223258620731,-1.1202508145395742
ACTCCTAGTGTA,-1.550059805203022,-1.2201118397903203,-1.047545740228124,
GGTCTCTCTTAA,-1.9128353968118088,-1.5273021441591201,-1.7635490838629229,-1.7734633283149184
CATTGGGCTGGA,-2.1490933419007967,-1.7174364805982696,,
TACCCTCATGGA,,,,
TGTTCTGAACGG,1.4020057849820282,1.4074246964988135,1.2320861107346268,1.1926945940378015
TATCCCATTACC,-0.4409153357779541,-0.3962030988460015,0.2341791002404708,0.411228102502681
GAACGGTTTGCG,,-1.107407559599032,,
GCGTATCGATAC,,,,-1.8854370877588504
ATGTCGAGCAAC,,,,
ATCGTGTTTCGC,,-1.1879271564189189,-1.7718216098289128,
TACCCGGATATG,,,,
AATGGCGTGATC,,,-1.30281824533143,
AGTCTGACACCA,,,,
AGCAGGTATTTC,-0.29478730009971604,-0.5606503767379749,-0.8926437802423807,-0.6301645826555441
GAGCCTATCAGT,,,,
ACCTACATGGAG,,,0.6568192959946012,0.7591569677861464
ATCATGGCAAAC,-1.315976599169654,-0.7367416357936564,-1.0687350392980621,
CCGATGCTTATA,-1.9180365904976164,-1.6537674007288925,,
TGCTTTCTCTAC,,,,
GGAGAATCTAGC,,-0.9547973963928736,,
TCCTTCAGCGAA,,,,
ACCCTTTGTCCA,-1.5958172957636971,-0.8221718311182827,,-1.4972569163759688
CGGCATTTCAAG,,,,
TTCCGAGAATGC,-0.05174925141342161,-0.3360957337456937,-1.4092735762457167,-0.543014406936644
TCCAGTTATCGG,,,,
ATACCGCCTAGG,-0.2490298095390409,-0.6583150284796129,-0.5246669949477861,-0.8675254984501479
CGTGAGTGGTTT,,-1.5568573877208358,,
TTCAAACGGCGA,-1.4251210685947222,-1.4955877309819132,-1.38996842105033,-0.9953120779312744
CCCAGCTGTTCT,,,,
GGTTAGATGCCA,,-1.0562550371516506,,
ACCTACGCAGGA,-1.124091072930741,-0.9149258843551812,-0.7209616400917543,-0.7982869120399501
GTCGCGTGAATA,,,,
ATCTGGCGACTG,-1.014946603505673,-1.2383366598965193,-1.6386103472546232,-1.0079012052392948
CATTCCGGACTT,-0.15761410707440446,-0.13197575108976894,0.20077790491985448,0.16819005381638652
GTGGACAAGAGC,-0.91457605838811,-0.4330057467537502,-0.14445575323618026,-0.3904042437304856
TCCAATATTCCC,,,-1.5790246572703788,
ACATGGGTGATG,,,,
ACCACAAGCTGG,-0.9231762301500276,-0.8221718311182826,-0.8714544811724425,-1.256224850387273
ATCCTTACCTGG,,-0.7899871477468814,-1.3697650349620432,
TAGACGGAAGTA,-0.5378253487860105,-0.4330057467537502,-0.6795689549335294,-1.0359299288395385
GAAGAATGCCAT,,,,
GCACATCCATAA,,,,
ACCGAGGACTTT,,,,
TACGTCAGTAGG,,,,
TTGAGGGAGACG,,,,
CTGGAAACACCG,,,,
AGAACGAGAGGG,-0.2648240767222729,-0.4541950458236883,-0.8256969906117674,-0.6000529079070082
ATGGACAGTCGT,,-1.7479258027461702,,
GTCGGCTAGTAG,,-2.0223967698906837,,
CATACACTCCCG,-1.2242062258140087,-1.0562550371516506,-0.8256969906117675,-0.5430144069366439
TTCGACTGAGAT,0.5377216126065202,0.7297215507439495,0.4886969666101953,0.08733522387919558
GGTTGCATGATC,-1.2326393933508717,-1.0562550371516506,,
ATACCCGGGTTT,-0.5166360497160725,-0.4965988943767756,-0.9853978334792792,-0.8703733413229743
CCACAACCAGCT,-1.272510905388564,-1.3750137997760634,-1.5389074340623965,
TGGGTCATAAGG,,,,
CGTTACAACTTG,,-1.0184664762622508,,
GATTGGAGTCAC,,,,
ACAAACGCGGAG,,,1.963289611361644,2.1395818845239094
GCCATCGTTACT,-0.6135460627241288,-0.603493128291433,0.4949285611155946,0.5117422397795626
ACGTGATCGCGA,,-1.0184664762622508,,
CAGTCGTACGAT,,,,
ATCTCCGGGTCT,-0.9937573044357348,-0.7174364805982697,,-1.5973720692592366
TCGGATAGCAAG,-0.8968472914276784,-0.9982630901739641,-1.5246669949477862,
CCTAGGGACTAG,,-1.3572850328156318,,
AGATAGGCGTGC,-0.4708785591553973,-0.4822237694239318,0.1138222620068511,-0.0014351629900630312
CACCCATACCAA,,,,
ACAGGAAGGTTG,,-1.7252618181102262,-1.8537257142120112,
TTGGACGTCTCC,,-0.9770737911040258,,
TTGACATGTTCC,-1.1978772870916596,-0.7787061373371923,,
TCGCAGCAGTCT,-1.3739685461473408,-1.4684354849382986,-1.6157474642951188,
ACAAATCCTTCC,0.10315270857232156,-0.04670971924542025,-0.2072465830956356,-0.2597131782330944
CCACAACGATGA,,,,
TTGTACTACCAG,,,,
ATATTTGGCCCA,,-1.4684354849382986,,
ATTGTACCCGAA,,-1.0910171434108626,,
ACATGGGAAGAT,,,,
TGTGCACTGCCA,,,,
AGGTGTCACTGT,,,,
GAGATACGTAGC,-1.6927273087717536,-1.809582703810262,,
CTGCAAACTACC,,,,
ATCGTAGTCAGA,1.3120715741100148,1.5994320957515484,1.545320921176056,1.4848667730977494
GACGTTAGATCC,-0.1808439477928793,0.2548752854166563,-0.3720568317416279,-0.12388509919466825
CTCCTGAAACGG,,,,
AGGTCTTACTTG,-1.440915335777954,,,
TCCATACGGGTC,-0.5220310816027786,-0.4541950458236882,-0.6404623521162164,-1.0201356616563064
CGAGCTTAGCGA,-1.272510905388564,-0.7899871477468814,,
TTGGCTTAAGCG,,-1.2671084024665438,,
ATATAGCCCGAT,,,,
CAAGGCAAGATA,-1.3554851404533277,-1.044020580734639,-0.6585605742090126,-0.9109911922312384
CACTGTTCGTAC,,,,
CCATCGGACAGT,-0.3361799852579411,-0.09517310318202034,-0.7317924877434363,-0.9409544156086816
GCTTACGTTGTC,,-1.1811937737599507,-1.7007582540034674,
GTTCTGCCAGGA,-1.5378253487860103,-1.4541950458236883,,-1.622195652984269
GCCTTGTAGAGC,-1.5848219114622342,-1.545275515171021,,
ACGTGTACCTTC,-1.3829233888002672,-1.0104975465909756,,
CCAACTGTGCAA,,,,
TGCGAAACCGGT,-1.3739685461473408,,,
ACTCGTGTCTGT,,,,
TTCTGATGCGGT,-1.315976599169654,-1.545275515171021,-1.818397751870268,
GTTCGTCCGGAA,-1.456155302334691,-1.1674054892743173,-1.011333567573679,-1.6569577592434808
ACCATCACAGAG,,,-1.5660596801060112,
ATGAGTCACCCG,,,,
TAGGGTTTCAGA,,-1.2992930858379452,,
CCCATCATAAGG,-0.29478730009971604,-0.5791337824319881,-0.5916137845783995,-0.3388944242807192
CGAAAGGAACCC,,,,
GAAGGGATACGT,-1.6927273087717536,-1.9856739628659437,-1.8604590968709795,
AGCTATCCCACA,,-1.123201826782264,,
CAGATCGGTGAC,,,,
TTGCGCCCATAA,0.6083026868922276,0.7263278280310679,0.8170500894854112,0.7681159156316629
TTGGCGATACGA,,-1.7998954364071305,-2.1810846485983406,
GTCCAGGTCACT,,-0.2781037867680071,-0.9769646659424164,
ACTAGCTGAGGG,-0.4460549754303652,-0.47090073932654103,-0.02468285726861953,-0.0009523452839668977
GTGGTAGCGTAA,,-0.8801637780959695,,
ATTAACACGGCG,,,,
TGGAGTACCCTG,,,,
GTATTTGTGTGG,,-1.5085527081462808,,
GCTGGCTAACTT,-1.4251210685947222,-1.153165050159707,,
CGCAAGTACGGT,,-0.8521350544957259,,
ATATAGGTTGCG,,,,
ACACGCCAGTAT,-0.5800230285804654,-0.224858274814782,-1.4625190881989418,-0.8440444026006252
TAGATGGTACGC,,,,
GTCGTCTCTGAG,,-1.2075227124822998,-1.4454857489001611,
CCGTTTCGTTTG,,-1.5211418354543014,,
GAGACGTTGGTA,,-0.9547973963928736,,
TGCAAGTGTTTC,,-1.0681542604513583,,
GTACTGAAGGTG,-0.035149989593959916,-0.12213081641973828,-0.5448703810360732,-0.8547682679923982
TTGGTTGCCGGT,-0.3617340897303293,-0.7405017846669631,-0.31471746863113753,-0.8984020649232178
CGAACCAATCGC,,-0.9770737911040258,,
GACAGCGTAAGG,-1.3554851404533277,-0.6138958886911999,-1.7879084297223675,-1.8919679549178081
TGGGTAGTGCAA,-1.764609316077879,,,
TGCAATCACCAG,,-1.123201826782264,,
TGCTAGTCGAGA,-1.03514998959396,-1.0562550371516506,,
ACTAGTGTGTGA,,,,-1.5282911501159375
CGACATCGTTTC,,,,
TGAATTGGGCCG,-1.6469698182110786,-1.2558273920568548,,
AGCTGATTGGCA,0.17105294421025738,0.18262705176348604,0.0493642727799326,
ACGTGCCATCGT,0.5137465792776486,0.3932826959359232,-0.473514472500405,0.021257023501918677
GTCCCAATAGCT,-1.2156060540520912,-1.2781037867680072,,
ACTACAGTTCGG,-0.6927273087717536,-0.7040725190402881,,
AGGCCTACGTTT,-1.573540901052545,,,
TACGGACTCGTG,,,-1.6038482409954111,
GGCGTCTAAGAC,,,,
TGATACGATCTC,,-1.2992930858379452,,
GAAGGTGTCCAC,,-1.0910171434108626,,-1.814081179223182
TTCCGTATCTGA,,-1.3572850328156318,,
ACTAGGCTCGGA,,-1.5085527081462808,-0.9506357272200674,-1.4808665001877994
ATTAGGCCAATC,0.8309262707585449,0.8097636384647104,1.031635505819501,1.1269038003415524
AACCGGGCAAAG,,,,
AATGGGTCTGGT,,,,
CAGCGTTAAGTC,-0.9937573044357348,-0.9547973963928736,,-1.5282911501159375
CGCAACTGGTAA,,-1.2558273920568548,,
GGTACTGACCAA,,,,
TGGGCAATCCCT,-0.3527792470774028,-0.22011183979032029,-0.5082765787596168,-0.3347384645095614
CGTCTTACCTAT,,,,
TGTTAGCATCCG,,,-1.494703771570343,-1.283377096430888
TCCAAGAACTTC,,-0.9982630901739641,,
ACTCCGGCAATA,-0.8783638857336652,-1.3572850328156318,-1.1444557532361799,
CAAGGTCGTAAT,,,,
GATATTGCGGCT,,,,
AACCATCTGCCT,,-0.6760437954400447,,
CATGAGGGACTC,,-0.7252618181102262,-1.5246669949477862,
GTAGAGGACCAC,,,,
GACTATTGAAGC,-1.0023574761976524,-0.6382552345506448,-1.0561459119900414,-0.8276539864124557
AGCGAGTAGGAT,,,,
ATCGCAGCAACC,0.9147277144429148,,,
TGGGAAGTCTGA,-1.456155302334691,-1.4684354849382986,,-1.1265909925705933
GAAGGTCCTGTC,,,-1.1267269862757487,
ACGGTTGTGACG,,-1.123201826782264,,-1.4972569163759688
CATACAAGTGTG,0.31400607388721474,0.14003960799231754,0.043534729119208776,-0.2843882598257501
CATACTGCAATG,-1.2490298095390409,-0.35273740506491125,-1.6810141958077105,-1.3446467531698103
TCTTTGAAGAGC,,,,
GGCTATAAGCGC,,,,
AGCATTGAATCG,,,,
TTTCCTACATCG,,-1.3750137997760634,-1.494703771570343,
ACTGTACGCCCT,,,,
TCTCGACAAGAA,,-1.6302863048793697,,
CCAAAGTGACCA,0.7684547448464609,0.7472020784967632,0.3599395863501442,0.29640650018592235
GCACGATGATGT,,,,
TAGCAAGCGAGT,-1.4087306524065528,-0.9313163005433508,-1.5916137845783993,
TGAATTGCGGTC,-1.3739685461473408,-1.3194964719262319,-1.6157474642951188,
GACTGACCAAGT,,,,-1.4461043939285876
TAGCCGACGATA,-0.5378253487860105,,-0.5594291012069982,-0.7648631565530003
GCTATCGACAAG,,-0.8009825320483446,-0.7165525211866993,-0.647749757456657
AGAAGGGTACTT,-0.9937573044357348,-0.4541950458236882,-1.2779946616063975,-1.6569577592434808
GATGACTGCCTC,-2.139885340113973,-1.6552885738494252,-2.0431809348256738,
AGGAGGAGTTGT,,,,
CGGAGGATAAGT,1.1689699930619648,0.9973721044235859,-0.4685510529688548,-0.5559793841010116
GCTCGAAACTCG,,,,
AACCAGAAGCGG,-1.2490298095390409,-1.3194964719262319,-1.0017882496674486,
TGCAGGATGGTT,,,,
CGGCTCTATTGA,,-1.2671084024665438,,
TCTACTTCGTAC,,,,
ACGCTCTATGAC,-1.7180331740365242,,,
CCGAGAGTATGG,,,-1.1936737759063618,
CACGGTTACAGA,,-1.5681383981305248,,
CCTTAGGTCATC,-1.456155302334691,-1.232346296207332,,
ACCGAACGAGAT,,-1.3194964719262319,,
ACACCGTCGTTC,-1.1398853401139728,-1.153165050159707,,
ATGCGCACACAC,,,,
TGACTGTGCGAG,-1.9282557556793023,-1.5085527081462808,,
GGATGATGTTCC,-1.3916973131077726,,,
CTTACGACCGGA,,-1.153165050159707,,
TGAGTGTTGACG,-1.1186960410440348,-0.8935277396539509,,
AACTCTGTGACG,,-1.232346296207332,,
CGATAAAGGAGT,,-1.4003196650408338,,
AATTGCCGGAAC,,-1.3920471390748437,,
ACTGGCTGCATA,,-1.2075227124822998,,
TGTTGGGTTGGA,0.4322114278365463,0.3381966436745656,-0.38333784215131694,-0.02450046705875641
AACTCTGTCTAC,-1.4989072827556407,-0.9313163005433508,-1.061786179342734,
TCTAACAGGCGA,,,,
GTTTGACCTCGG,-1.5870433714561918,-1.5273021441591201,,-2.0787303769221537
CAGATAAGTCGG,-1.9937573044357348,-1.0135030567307008,,
ACGAGTCTCTCT,-0.5378253487860105,-0.3962030988460015,-0.8072135849177543,-0.742586761841848
CTGCCAAGGACT,,,,
CATTAGATAGGG,,,,
CATTACGGGCAC,,,,
GTACCGAGAGTA,-1.456155302334691,-1.504273910167006,,
TGAGACCAGTCC,-1.6065411611554703,-1.7174364805982698,,
ACGCTTTCGGTC,,,,
TGTATTCGGTAC,-0.6029958803908206,-0.32925630921538834,0.5674792282642063,0.5326502653881438
CCATACGATGGG,,,,
GCATTCCGTTCC,,,,
CACGCCATAGTA,-1.5810940389429908,-1.3527374050649112,,-1.7286509838985555
TTGGGATGCACG,,,,
GGTCGCAATACA,,,,
TCTGGCACGGTT,,-1.0681542604513583,-1.8328755752388908,
GTACTTCCATCC,-1.133636390836971,-0.7552250414876694,-0.023412060511404386,0.03884219830303146
GAGCAGCGTTAG,,,,
TGTTAGGTGTCG,-2.050662155772208,-1.661320538619338,,
CGTACTCCTAGC,,,,
AAGGCATGCCAA,,-1.123201826782264,,
TGATAACGGCCT,,,,
TTCATCTCCCGT,,-1.1811937737599507,-0.5246669949477862,-0.9689831392089252
TTCAGTTGACGA,-0.8968472914276784,-0.7304014577626373,-1.5916137845783993,-0.731004889292033
GGACCAATGGAC,-0.15740374403715834,-0.09357936017546302,-0.9870649928467424,-1.118422203493166
CGTGCGATAACC,,,,
GGTTATATCCCG,-1.4580232384698102,-0.9877976564957988,-1.2363180310428938,-1.5572548460512543
TTCCTCACAGAA,-0.9937573044357348,,,
AACTCTGAACGG,-1.169848563491416,-0.8521350544957259,,
TATCTGGGCTAC,-1.5378253487860103,,-1.1936737759063618,-1.6786770089367171
CTTCGAACGTGA,-1.1978772870916596,-0.7174364805982697,,
TGGGCGCAAATG,,,,
TCGTGGATCAGC,,-1.1674054892743173,,-1.283377096430888
TTGAACAGCGAT,-1.573540901052545,-1.0051025147042694,-1.5099437381270802,
ACTTATAGGTGG,-2.08717898959797,-1.8283321398231007,,
GCTACTTACATC,,-1.6205264675902131,,
TACCTCCTGGCT,-0.9231762301500276,,-0.23660197644817255,-0.14507439826460636
CGCAAACTCCAA,,,-1.0017882496674486,-0.742586761841848
GTTGACATACGA,,0.4542899730549615,,
TAAACATGCGCG,0.5757153196886355,0.5045018050418866,0.8293213240268387,0.6467282575316554
CTTAGGGCACAT,,,,
TGTTCTGTTTGG,1.3531971860139762,1.4393496232620249,1.3541544173172206,1.2291048786770866
AATCCGCGAAGG,,,,
TGGTGATTCGCA,,-1.2075227124822998,,
AACGATTGCATC,,-1.3292563092153884,,-1.699361607796568
ATTAGCCGATGC,,,-1.223636999283805,-1.2120211878952196
GGACAAGTAGAG,,,,
GACATAGTGACG,0.05863076502395345,-0.04402058073463905,-0.4812013011666959,-0.8898018931613002
GCAAACATGCAT,,,,
CAGAGTGATGAG,,-1.4955877309819132,,
CCTTTGACTGCG,,,,
TCTAAGACTTGG,-1.9668851580354332,-1.3324614490905995,,
CCGCTTTACAAA,,-1.5148928861773,,-1.7648631565530004
CTCGACTACAAC,1.126405168206033,1.0452026036071262,-0.2568053625364596,-0.3388944242807192
CGTATAGTGCTT,-0.8066706610785904,,-0.27799466160639763,-0.3669231478809627
CTTCAACTTGGC,,,,
ATAGCCACAGGT,-1.456155302334691,,-1.5246669949477862,
CTTGCTCTTACA,,-1.5845288143186944,,
AGTGAGATCACA,0.5705141260028278,0.4015610623726251,1.052824804889439,0.9457926061082133
TAAACGCCGCTT,,-1.3194964719262319,,
ACGACAGACAGA,,,,
ACCTGCAACTAG,,-1.123201826782264,,-1.1798365045238184
AGACAACGTAGA,,-0.7899871477468814,,
GTGCGCTTTAAC,,-1.5681383981305248,,-1.5973720692592366
AAATTGCGCTGA,,,,
CAAGTTACGTGG,,-1.658315028479613,,
TATCCTACTGGG,-0.24902980953904094,-0.00703701448146903,0.23041895136716395,0.5165712830476001
GACCACTATGTT,,,,
CACAGATCGAGC,-0.6927273087717537,-0.6302863048793695,-0.2277535654786372,-0.26426080598381496
GCAATAGGTTCC,,,,
ATTGGTAGCACA,-0.905447463189596,-1.0058162280644098,-0.6138901792895517,-0.7062176436402264
CAGATTGAGTCG,-0.6927273087717537,-0.7230403581162682,0.41318509830336936,0.38950885280944464
TGATCGTTGCAG,1.0038232214408522,1.2138665889905744,1.2033176459701271,1.037647439690088
CTGACGGTAGTT,0.0642346425419519,,-0.2072465830956356,0.004687922068725722
TACAGTCTCGAG,-0.8176660453800536,-0.5333762918713131,-0.22363699928380507,-0.21947707027481156
TGTGACGGTTAC,-1.4989072827556407,,,
TCGGCAAGAGGT,,-0.9547973963928736,,
GGAGAGCGTAAT,-0.18564283067464804,-0.3360957337456937,0.3269131725943909,-0.09485684815229813
TGAGAGGAAACG,,-0.6302863048793695,-0.8604590968709793,-1.2700131348729062
GAAAGCTGACCA,-1.3916973131077726,,-1.1082435805817354,-1.3446467531698103
GTGTTGCAATGC,-1.6658551623714524,-0.9982630901739641,,
AGGCGTGGTAAA,-1.7341199939299787,-1.383613971537981,-1.6810141958077105,
ACTTTCCTGCTC,-0.7719085548193785,,-0.8491780864612903,-1.2963420735952556
CTCAGACAATGT,,-1.28882765215978,,
TGAAACGGAGGG,-1.2947873000997159,,,
CCACATCAAGTG,,,,
GTGCTTTAAGCC,-1.2112412486496411,-1.545275515171021,-1.348575735892105,-1.6569577592434808
ACGCCCTTTAGC,,,,
GAAAGCGTTTGG,,,,
GACCGTGTACCT,-0.20636539731717848,-0.3102884701394083,-0.006153055069898777,0.07094480769102615
ACTCCTCAGAGT,0.8191560522071207,0.9607783021471296,1.4952141872238205,1.4806495112611495
CTGGAAGTTAGT,-1.2490298095390409,-1.0910171434108626,1.2663214801410296,
GAGCACAGAACC,-0.8688185678274348,-1.4084375552630133,-1.649605731556086,-1.2419844112726628
GTATTTACTCGC,,,,
AGCGATGGAGAT,-0.6091812573216787,-0.5211418354543014,-0.9321523215260544,-0.8675254984501479
CCAGGAATGGAC,-1.7341199939299787,,-1.30281824533143,
GCGAGCTCTTGT,,-1.3194964719262319,-1.5099437381270802,
ACCTAAACGCGG,,,,
CATCACCCTGAT,-1.4170031783725427,-1.3662398754685583,,
CTCACGAGTCTC,,,,
CATTACGAGCGA,-1.03514998959396,-0.5211418354543015,,
ACCTACGCTCAA,,,,
GAGTACAACCTG,-0.8499917105679512,-0.9638455253702708,-1.1892194344801117,-2.122798003553454
CAGCTGCCTCAT,,-1.4242318224462451,,
TGAGTCCACCGT,0.24032590159763315,0.16634835119828725,-0.9506357272200674,-0.7191056659923252
CGGACCTAATGC,,,,
CGTTGAGCTCTT,,,,
CCCTATTAGACC,-1.838855344449992,-1.232346296207332,-1.364563841276235,-1.622195652984269
GTCTAGCTTGCA,,-1.4541950458236883,,-1.6891424426148818
AGCTGGTAGTGC,,-1.1743543492296449,-1.898804088947199,
TCTCCCTGGAAC,,-1.0339786424404984,,
GCACCTGATTTC,,,,
ACTGTGTGCGTA,0.7395816015315465,0.4872731755792077,0.5808431898221877,0.2423154280741231
CATCTGCTTTAC,,,,
ATGTATATGCCC,0.5687941456085539,0.8058763421613865,0.8555442467638199,0.7944448543540121
TATGGCAGGTCC,,,,
AGTCATGATACG,0.7250210932538365,0.9042364215646757,0.05511660166902387,0.26989894970621164
GATCGCTCTTAT,,,,
CAAGCACGGATA,,-1.5625345206125263,,
ACGGACTATTGA,-1.5848219114622342,-1.232346296207332,,-1.1628031652250381
GAATGTCTCCCA,-1.7719085548193785,-1.3632753965048192,,
GGAGTAATCCGT,,,,
GTCAGATCTAGG,-1.0097454098198653,-1.3512108851034386,-1.8109737337910607,
GACGCCTTCAAC,,,,
CACCTCTAACGG,,,,
TTTGATCAGCGT,,-1.7013496607048149,,
ATCGTGGTTAGT,-1.779087139446502,-1.5148928861773,,
CGAACTGGTGAC,,,-1.348575735892105,
CTGCTTTCGTCC,-1.5994214200325223,-1.2951371260667872,,
GCTCTCACTATC,,,,
ACCAGGGAAGAC,0.3983531605755789,-0.13468164446569394,-1.0889384253863488,-1.2272611544519565
CAACTCCTCAAA,,,1.5115318145939356,1.4781748921332942
CTTCTGATACGC,-1.8570801645561907,,,
GATCGTTCGATA,-1.5122712443136224,-0.9361151834251196,-1.8736205429289503,-1.8367451638591257
GGAACGAATTTG,,-1.0562550371516506,,
TTTGGCCCTAGA,,-1.1384417933390008,,-1.6569577592434808
CTGTACCACGTT,-1.573540901052545,-1.2558273920568548,,
AGATGCCGTGAA,,,,
GTTCCCTGGATA,-1.4708785591553972,,-1.4789095043871108,
TATGACGCCTCT,,-0.7899871477468814,-1.30281824533143,-1.1450743982646063
CTGTATCTCTGG,,-1.0910171434108626,,
AGGAGTTGCAAC,0.3894594474155964,0.6975368673725483,0.1508219135387097,0.16819005381638652
CCGGATATACTC,,,,
TTGACCCTTACG,-0.6305794020229092,-0.5888936197211445,-0.7843043054535423,-0.8617731695610568
GGAAAGGGATAA,,,,
TCGGCAGCTTGT,,0.11983622190403058,-0.8604590968709793,-0.819220818875593
AATCAGGGCACG,-0.2436347776523348,-0.4207712903367386,-1.5660596801060112,-0.8898018931613002
ATCGTCCCAAGA,,,,
TCCTAGAAGCAG,,-0.8521350544957259,-0.6496057315560863,
CAATTTGCCGTT,-0.3837283834364971,-0.4419605894066766,0.9497314014364028,0.8062631205313113
GAAGAGAGACAT,,,,
GAAACGTCGCAA,,-1.4541950458236883,-0.5916137845783995,-0.7191056659923252
CAAGTAGCCAAT,-1.272510905388564,-0.6760437954400447,-0.1858484383944052,-0.6399244199447004
GTAAGATCGTGA,,-1.439471789002982,,
TTCGCTGTTAGG,-1.191037862561354,-1.1674054892743173,-1.9920284123782923,-1.2963420735952556
TCTAGTACCACT,-0.8388553444499917,-0.5910330057316959,-1.3147174686311376,-1.0939218758172249
CCTCTGGATCTT,-0.7838077781190862,-0.4776761416732112,-0.5859366516867088,-0.4960178442604203
CAGGCTTATAGA,,-1.3920471390748437,,
GCAGTCCAGATA,,-1.6105422466836123,-1.4789095043871108,
AGCTAGGCTGAC,,-0.8521350544957259,-1.0687350392980621,
ACGAGGTGAGGA,-0.4039317695247841,-0.3238612773286821,-0.017582516850680567,-0.08437655791099469
GTTCGTGGATGC,-1.6469698182110786,-1.123201826782264,,
ATAACGGCAGCT,,,,
AGATTGGCCTGT,,,,
TCCAGTGCAGAC,-1.1978772870916596,-0.8221718311182827,-1.348575735892105,
GAATCTCACGTT,-1.5122712443136224,,,
TGGCCTATCTTT,-1.8858519071262152,-1.5951218878161186,,
GGGTATGCAAAG,,-1.9813951648866688,,
TGTCCGTGCATA,,,,
TGAATGCCAAGA,-1.440915335777954,-0.8521350544957258,,
AAGAGGGATCAA,-0.5677885721634537,-0.30158488261753,0.3204310450664707,0.411228102502681
CATACCAGTGGT,-1.7861489939339887,-0.7388346252995002,-1.1936737759063618,
TTGGGCGTCATT,1.5036906979642677,1.4516008345441802,0.3983178207610966,0.6362819919942487
CCTGCACCTTGT,,,-0.7339266172561221,-1.2120211878952196
ACTTAACTGTGC,,,,
CTGGCAGGAGTA,-0.29478730009971604,-0.2781037867680071,-0.09174940272017727,-0.16280316522503793
AGCCCAGATGAT,,,,
GGTTAAAGAGGC,-0.9937573044357348,-0.24031522587860726,-0.3485757358921049,-0.34843974218694945
GTTCTGCGATCG,,,-1.5790246572703788,
CGCAACTGACTC,,-1.3572850328156318,,-1.4972569163759688
AACTTGCAGCGA,,,,
CGAGTGGTCTTT,,-1.3920471390748437,,
AGAACTAGCAGT,,-1.2992930858379452,,
ATGGCATACCGG,,,,
GGTGGAGCTAGT,-1.2490298095390409,-1.173368436247994,-0.4122448157614823,-0.5825229482203175
TGTATCCTGGCT,,-0.8221718311182827,,
TGAGTCAGTCCT,,-1.1701983894584873,,
AGTCAAGTTCTG,1.6207408748333128,1.4491964298869948,0.921714817274656,0.9523316678892176
TCGTGTGGGTTT,,-1.5085527081462808,,
TCTTCTACACGC,-0.29478730009971604,-0.8521350544957259,-0.9769646659424164,-1.2700131348729062
ACTAGGGCTAAT,,,,
GTTGGTTACACG,0.0062426955642651705,,0.4673640753809384,0.1839843209996183
CCCAATCCTTAC,,,,
ACTTGTGAGGTA,-1.3916973131077726,-1.1811937737599507,,
ACGGCAGTCAAG,-0.7341199939299787,-1.0562550371516506,,0.12119349114016295
GTCTCCCGAATA,-0.013062459631121421,,0.6708373051520301,0.7681159156316629
GCTAATACTCAG,,-1.13342099196395,,
ACGGTGCATATA,-1.1698485634914162,-1.1127363931040992,,
GCGGTGTGTATA,,,,
ACGCTGAGTTTG,,-1.3920471390748437,-2.016028688782059,
ACTTCCTTCAAG,,-0.4999525363843634,,-0.5181908232116118
CTTGCAAAGTGG,-0.7953896506689014,-0.168959317342939,-0.5246669949477862,-0.5973720692592367
CTCTGGATCATC,,-0.9522502073789938,-1.9340364654006057,
AGCCAGTGCAAT,-1.459883174853934,-1.1567691744285324,,-0.976669967875216
CCCTTGGACTAA,-1.84501565315481,-1.7405017846669633,,
AGCTTCGCATAC,-1.7180331740365242,-1.6846439672019622,,
CAGGGATTCCTG,-1.590354400062195,-1.1811937737599507,,
GCACTCCATGAT,,-0.8978925450564009,,
GTGGGAGAATCC,,-1.2075227124822998,,
CGCGTTCGTAAA,-1.4708785591553972,-1.5085527081462808,,-1.5572548460512543
AGTATCAGTCCG,,-1.3750137997760634,,
TTGAAACTCGGG,-0.05174925141342161,-0.024498441032163996,-1.203892941088048,-1.2015557542170543
ACATCCGTTCAG,-1.2177721158085988,-1.0842837607518945,-0.7465157445641426,-0.819220818875593
GAATTGTGGGAA,-2.1176089454028206,-1.8463055108350022,,
GGCAAATACCCA,0.10315270857232156,0.12304136177924195,0.9361517485494768,1.0004327731450562
AGACGAGGCTTT,-0.10290177386080293,0.09256213703736857,0.4917234212403832,0.27934050593905313
CGTTTGCAGGTC,,,-1.38996842105033,
CCGACCAATACA,,-1.8747008823944675,,
TGTGCGACTGTT,,,-0.763549083862923,-0.625201163123994
GCATGATGGAGG,,-1.0184664762622508,,
GGAATCGTAAGC,,-1.3481416533757622,,
GCATACTTCCAA,-1.1793938813976463,-1.5211418354543014,-0.9226070036198238,-1.2015557542170543
GCCAGAACAGTA,-0.544196531241951,-0.6460805720626014,0.3254869168563589,0.3216173282361239
CGATATCAACGC,-0.3916973131077725,-0.06139467680406175,0.05718961029188919,0.004687922068725722
TAACCCGTAGGT,,-1.7329486467765172,,
TAGCGGATGGAA,,-1.4541950458236883,,
AGGAAACGGGCT,-1.5378253487860103,-1.0652098798045773,,
GTTGAGGATCGG,-1.315976599169654,-0.7552250414876694,,
CCATGACACAAG,,-1.0377716314576375,,
CTGACATTGCAG,1.575346381496278,1.6756304786321503,1.2352229384615414,1.2036197920009348
CGGACATCTGTT,,,,
GTTCAGTCGTAC,,,,
CTTCCTCGAATT,,,,
ACCAACTCTTTC,,,,
GCCAGTACGTAT,,-1.693077134738825,,
GCAACATGTCGT,-0.6817319244702904,-0.4429140354139993,-0.3611648632001255,-0.7348999331755571
AGGGAGTTTCTT,-1.272510905388564,-1.439471789002982,-1.1936737759063618,
GTCAGGCTTTAG,,-1.0739838041120822,,
GAGTCGTGGACT,,-1.4242318224462451,,
TCTGTCCACCTG,0.8257866311061338,0.7361366523466032,1.4148522576708322,1.3551909726974352
AACCTGGCTCAA,-1.1398853401139728,-1.439471789002982,-1.17787950872313,
TTGCATCTTGTC,,-1.1811937737599507,-0.15669020965319186,-0.14507439826460636
ATAGTTTGCGCA,,,,
AAAGCTTACTCC,,,,
GCCTAAAGCGGT,,-1.5681383981305248,,
GTACAATGACAC,0.2984987669207412,0.4578497838211817,1.1071148779998647,1.0971356339994578
GCTTGAGTTGCA,,,,
TCCCTTGCCTTT,-1.813301239977604,-1.4164064849342886,,
AACCTTAGAGGA,-0.4708785591553973,-0.4541950458236882,0.031635505819501024,-0.36692314788096253
GAGAATCGCGTA,0.0573952180116464,-0.0005548869535487666,-0.1788246548674427,-0.950499733514912
CGCATCTTCATA,-0.4251210685947222,-0.1418840397500181,-0.34857573589210505,-0.6399244199447004
CATGTTCTTCGG,,,,
GTAGTCGCGTAG,-1.456155302334691,,,
TCCTTGTGGAGA,,,,
CTGCGACATGAT,,-0.8801637780959695,,
CTTCAGCGAGTC,1.1596091401664226,1.1261896505180136,0.5407259666142054,0.3750159298482362
CTGAACCTGAAC,-2.0190631697005053,-1.3095122510196309,,
AAGGACGGCTAG,-0.028519410694946776,-0.003402729826375014,-0.3071830507338799,-1.0511698953962751
TGTGTAACGTTC,-1.475677442037166,-1.449342543029276,,
GACTACCAACCG,-1.1398853401139728,,,-0.667953143544944
GCTGTAAGGCCA,-0.9937573044357348,,,
GGCTGCAAATGT,,-0.9982630901739641,,
ACTCTTCGCAGT,,,,
ACGGGATTCATA,-0.6737040714583232,-0.6874732572208265,-0.7957337672343242,-1.584407092094869
ACGATTCCTACG,-1.3916973131077726,-0.6760437954400447,,
TCTCATTTGGTC,-1.764609316077879,-1.676043795440045,,
TGGCTGAGTTAT,-0.8968472914276784,-0.9593450241435942,0.21872214917664545,0.1645557691612924
GGACGAGATATA,-1.169848563491416,-1.2442455195070397,,-1.5282911501159375
GATGTAACGAGA,,,,
TGTAGTTCCTGG,1.8827491998301464,,1.3107352960946894,1.3989936460856691
ACGATCCGCAAT,,,,
CAGGCGGGTAAA,-1.2947873000997159,,,
ATGGACTGGAGT,,,,
CTTAACGTAGCC,,,,-1.0658931522169814
AATGAGTCGTTC,,-1.6003230815019265,,
TCTCCGCGATAA,,-1.2558273920568548,,
CTTGGTTTGCGA,-1.5619590285027298,-1.3920471390748437,,
AAGCCTATGGCG,,,-0.2072465830956356,-0.20059172611443776
GCTAAGGATGTG,-1.5294732744212447,-1.1579639330414755,,
CAGACTGTACAT,-1.5378253487860103,-1.1384417933390008,,
TGTACAGAGTCC,,,,
GACAAGCACGAC,-1.0729385504833595,-1.1811937737599507,,
TCCACTTCCAAG,,,,
CCCGAAGAATCT,-1.272510905388564,-0.6583150284796129,,
CTGTAGAGCCAG,,-0.7174364805982697,-1.4625190881989418,-1.1450743982646063
ACTAAGATCGCC,0.3546973411563845,0.4266185464571031,-1.4789095043871108,
CAGATAGCGGAA,-0.8688185678274348,-0.6760437954400447,,
CGTAAGAGCTGG,,,,
TAGTCGTACCGT,,-1.1811937737599507,,
GGAGTGTATAGT,,-1.5898576478237614,-1.4277569819397298,
ATCTGGCACATT,0.6146428649232465,,-0.27602506874349325,-0.308931200903276
CAATAAAGCGGG,-1.1887339076517898,-1.3920471390748437,-1.846886289681705,
ACACGTACAGGC,,,,
CGGTAAGATCGA,-1.03514998959396,,,
GAGGAAGATCAC,,,1.9228011360019697,1.908073918034008
AACATCCGTCGA,,,,
GGCCACTGTAGT,-0.474574704715361,-0.2988873926912992,0.4606097482315074,0.4405174786046685
TGGCGTAATCTC,-1.3916973131077726,-0.8423752172065696,-1.17787950872313,-0.2797729721620625
TAAGAGCCTCTG,-1.0964196463328826,-0.8095827038102622,-1.2163377605423056,-1.135931018824737
CAAACCCGTGAT,,-0.6760437954400447,,
AGACTGCCAGGT,,,,
GGAAGGAATTGA,-1.838855344449992,-1.693077134738825,,
TGCCCGATCTGA,0.2006227403322562,0.14075685750613484,-1.0309464784086622,-1.0403390477445933
ATCGAAGCGACT,,-1.6491716490397432,,
GCTCACACATAA,-1.315976599169654,-1.153165050159707,,
CCAAGAACTGTC,,,,
GTAATCTCCGCG,-0.9598990371747674,,,
CGAGCCTTTGTG,,,,-1.7093458287031689
AATAGCGACGGG,-1.5848219114622342,,,
ATGCTCCCTCAT,0.15947107166044222,0.02292620889597415,0.4497789005798256,0.132474501549852
CTGCGTACTTCT,-0.7719085548193785,,-1.3262993411809527,-0.5282911501159376
TACATCTCTCTC,-1.3739685461473408,-1.7094675509269943,-1.6550007634427923,
GACGTCTGTTAC,,-1.2442455195070397,,
TCCCATCGCTAA,,-1.885558809982676,,
AACCAGCGACTT,,-1.0739838041120822,-0.8491780864612903,-1.1265909925705933
AAGTTCGGTTAC,0.4223406738102521,0.4622589027262368,0.4993332814559802,0.6287120467165872
TGTGCGTCCATT,,,,
GCCCGAGGTATA,-1.4170031783725427,-1.2403152258786072,,
AAGTTGTGCCAG,,-0.8009825320483446,,
CCGACGACTATT,,,,
CATGGAGGAACA,,-0.3750137997760634,-1.4625190881989418,
GCGCAAGGTAGT,,,,
TTGCCCAGATAG,,,-0.7465157445641426,
CTCCACTGGACT,,-0.6760437954400447,,
TAAGCAGCGTTC,-1.0729385504833595,,,
CGATAGGTTCTG,,,,
TGACGGTACAGA,,-0.9770737911040258,,
AGGAGCGATATC,,-1.1811937737599507,,
ATCAATCCATCC,,,,
CCAGTGGCAAAT,,,,
ACCGGTTATGGC,,-1.123201826782264,,
CTGATTAGCCAA,,,,
AAGGTCGTTTGC,,,,
AATATCTACGCC,,-1.5681383981305248,,
TAGGCGACTTCT,-0.6704509140606014,-0.7040725190402881,-0.2905837889144183,-0.308931200903276
TGGATGGGCAAC,-0.9479998138750596,-1.4242318224462451,,
ACGCAGGAAGAC,-1.3916973131077726,,-1.1614890925349606,-1.3446467531698103
TAGCCCAGGGAA,,-1.6302863048793697,,
CGCTGTTGGAGT,-0.19005194957970312,-0.3194964719262321,-0.7879084297223676,-0.7982869120399501
CGACCAACGTAC,0.5263985825091294,0.4488949411682553,0.3292049693739757,0.13191735653193604
AGCGGACATTGA,,,0.2727894106312441,0.3194577291470356
GTAAGAGTTCGA,-1.3739685461473408,-0.9547973963928736,,-1.4972569163759688
CGTAAGAGATCC,-1.169848563491416,-1.123201826782264,,
GTGAACTCGAGG,,-1.0184664762622508,-1.5389074340623965,
GTATGAATCGCC,,-1.0562550371516506,,
AGCGAGTTTAGA,-1.4251210685947222,-1.0314314534266185,,
CCTGTCAGAAGT,-0.035149989593959916,-0.12745964992480527,-0.2982706175807092,-0.3584899803440999
TAGTTTACCTGG,,-2.014500289044649,,
AGCAGCCGTAGA,-1.03514998959396,-1.0377716314576375,-1.4092735762457167,
ATTGTCTGAGCA,,,,
ATGGTACGAGAG,-1.4708785591553972,-0.6537674007288925,-0.4798546505314239,-0.6798523668446517
CGAACGTGTGGA,-1.283791915798253,-1.545275515171021,-1.75511591632606,
CACGTGTTCACT,,,,
TGCCTTGACGTT,0.8983372982547455,0.8664305059036737,0.3152298513806629,0.3600755800552997
CACATAGATCGA,,-1.6846439672019622,,
AGTGTTATGCGA,-1.6927273087717536,-1.439471789002982,,
TATAGAGGTCCG,0.12274826463570235,-0.035065738081712566,,-0.06589315221698147
AGAAGTTGAACC,,,,
ACATACCGGCAG,-0.11869604104403478,-0.2781037867680071,-0.2406703385825853,-0.6494697378509307
GACGATGCGTCT,-1.272510905388564,,,
CGCCAAGAACTT,,,,
AGCATCCTCTGT,,-1.2075227124822998,,
CTGATTAGTGCT,-1.5958172957636971,,,
AGATCGCGTCCA,0.9862460671480116,0.9867140362415294,1.1976765267180318,1.1828972253584042
GTGAGCCACTTT,0.06839060231310964,0.17782816888171735,,-0.36692314788096253
ATATAACGCCGG,,,,
GTATAGGAGACA,,,,
ACTATGCGAGAG,,-1.4084375552630133,,
TTCCGGACAACA,0.2561201687808651,,1.2933557674735496,1.452620787660906
GTTGCCATAGAC,-1.03514998959396,-1.1674054892743173,,-1.5282911501159375
ATAATTGAGGCC,,-1.0910171434108626,-1.1175836068358789,-0.9797070046006984
ATGGCCTGAGTC,-1.014946603505673,-0.9149258843551812,,-0.9311945783195252
CAGTCCAAGATG,-0.38193747581861626,-1.2992930858379452,,-1.5282911501159375
ATGTGGCTCACG,-1.5848219114622342,-1.545275515171021,,
TAGGCACGACGT,-1.456155302334691,-0.8801637780959694,,
ACACCATCTCGG,-2.1669435728480093,-2.1293621354870824,,
GAGGTGAGAGAC,-0.8629890241667111,-0.4889571520829002,-0.3619396974500864,-0.2785012450984252
CGTATTTGTCCC,,,,
TTGCCTAAGCGC,,,,
TCGTTGTCTACG,,-0.9770737911040258,,-1.4808665001877994
TGAACGATCATC,0.5319143410287729,0.6335863719858541,0.003606782219257464,0.24373701520891725
AAATCGCGGTTG,,,,
GCCGATTTGTCG,,-1.4902913911719649,,
TCGCAAGTGAAT,1.3574590409036071,,1.1328138036202309,1.1331709586490548
GAATGATGCCTC,,-0.9313163005433508,,-1.3881124469509007
AGAGGATGCAGG,-1.8066706610785903,-1.1458658114182076,-1.6707950306260242,-0.8559436259003329
GCCTAAGACCAT,-1.3554851404533277,-0.8521350544957258,,
GATTACGTCCCG,,-1.0377716314576375,,
CGTGATCGATTG,,-1.0184664762622508,-0.8926437802423807,-1.1628031652250381
CGTGCAAAGTCC,,,,
AACCACTCTGCG,-0.13988534011397294,-0.6054627211543374,,-0.2877419018333378
TCGTAAGTACTC,,,,
TGCTAATGTGTC,-1.0906673174437913,-0.5791337824319882,-0.627329336844934,-0.4415567661778669
TCCAGAGCAAGG,,-1.7552250414876696,,
ACGCTTAGGCGA,-1.2270355158328732,-0.8536562276162587,-0.20152268499323275,-0.24797477496185025
GTTGAGTGCACT,,,,
TCTACAAGCGGG,-0.2569987392103163,-0.6460805720626014,0.4295755144915385,0.39385400643325824
AGTGGGCAATAC,,-1.4084375552630133,,
ATCGGGAGGTCT,,,,
TGGAAGCCAACT,0.1221467486366299,0.07563255941197712,-0.5608791676022309,-0.5228110208483571
AGCCGCTTCAAC,-1.799937278419622,-1.312865893027219,,
GGCGACATAACG,-1.4708785591553972,-1.5085527081462808,,
CCCAGCACAATA,0.28244910750321417,0.3762840849152713,0.08653637582004592,-0.007901205239294752
GCAACGTAGAGG,2.4320485368618656,2.568345793181125,2.2986395205761347,2.2357877970765947
TCTGATCTCGAA,,,-1.2905837889144185,-1.5282911501159375
TAACGTTCGCGA,-1.2242062258140087,-1.123201826782264,,
GGGATTTCGGGA,,,,
ACCTGGGCTTTC,,,,
ATGATTCACCTC,,-0.8221718311182826,,
AGTTGAATGAGG,,-0.6613205386193383,,
TTCCCATAGAAG,,-1.1127363931040992,,
CTCATAGCGGGA,,,,
AACGGTGGTTGC,,,,
TGTCTCCAACGT,,-1.8159228818412807,,
TGCGTAGGGTAT,-1.1077006567425716,-0.9770737911040258,-1.2650296844420301,
CCTATCGGCAAA,-1.1398853401139728,-1.4242318224462451,-0.6938093940481397,-1.1328399418475947
ATCAAGTGGCGA,-0.8388553444499917,-0.7552250414876694,-1.0219916357557357,-0.7501398997322939
CGGACAAGCATT,,,,
CGCGGTCTGAAT,,-1.4955877309819132,,
TAGCATCGTCGC,,,,-1.7471343895925688
TCGACGATACAT,-1.315976599169654,-0.5968625493924198,-0.8926437802423806,-0.7093458287031691
TCCTGCGCATAA,,,,
CAAAGTTACGCC,-1.7341199939299787,-1.3662398754685583,,
GCGGTACGATAA,0.4041827042363028,0.4150366739072879,1.0361360070461776,1.106320451775498
CACAAATCCGGA,,-1.2274937934129198,,-1.9292160123374371
CCTTCGTGGAGT,,,,
CAGCCAACATGT,-0.8968472914276784,-0.7552250414876694,,-0.9409544156086816
GTTCAGCATGTA,-1.709760648070534,-1.6398316227856,,-1.737991010152699
TTGGATATGCGT,-1.84501565315481,-1.5845288143186944,-1.3799842001437292,-1.1685554941141292
GTCGAGGCTAAT,,,,
CATAAGAGTGCG,-1.03514998959396,,0.14627428578798904,-0.03592992883953825
CAAGCATACGGC,,-1.1434052128705507,,
ACGACCAGTAGA,0.0062426955642651705,0.0493785442612626,0.22065040231443156,0.1300323518236717
GACTAACAGCCC,,-0.9064927168183186,,
TTCACTCAAGAG,0.3394573745996476,0.4946524317289304,0.3897040024538465,0.30649275198266795
CACTTGCGTAAC,,,,
CATGCATGTTTC,,-1.0910171434108626,,
TACGAACGGACT,,,,
CTTAGCCGAGTT,-0.2837919157982528,0.039959548194754516,-0.7165525211866994,-0.399107831252364
CCGCGATGTAAA,,-1.863564516276508,-1.6909984167143113,-1.7286509838985555
GCCTTCTTTATG,,,,
GCGGAGTACAAT,-1.4251210685947222,-1.0562550371516506,,
CCTCACGAATTG,,-0.6460805720626014,,
TGCAAGTGTCCT,-1.5252362214779898,,,
ATAGCATAGGGT,,,,
AGAGTTAGAGGT,,,,
ACCTTGCCGAAT,,,,
ACGCCATGCGTT,1.9815952604856968,1.9382506523049292,1.78655691548467,1.5673288951393118
TAACCTGGAGCG,-1.6749985418113216,-1.1020125277123258,,-1.7560892322454953
CACGTCTATAGG,,-1.3194964719262319,,
ATATACTCTCCG,,,,
ATGGCCACTTCT,-1.315976599169654,,,
TACGAAATCCGC,,-1.314533052394682,,
GTGTGACCTAAG,1.3551962435454292,,1.63819599837414,1.4499806914946975
GACCTGAGTAGT,-0.8830590069420451,-0.7671242647873772,,
CGCACCTGATAT,-1.6927273087717536,-1.6491716490397432,,
CAGGTGTTTCCT,,,,
GCCTGTATCGGT,,,,
CGAGTGTGAACC,-1.1840890026060262,-0.6371257294096749,-1.0789542044797478,-1.6456767488337916
CGAGACACCTAG,,,,
ACTACACCATGC,,,,-1.6679531435449442
TTGCGCATAGAC,-1.169848563491416,-0.8009825320483446,,
TGTTCCTTGACC,-1.283791915798253,-0.9215564632541944,,
CACGTAGTTAAC,,-1.0184664762622508,,
AGTACGCTCGAA,-1.7861489939339887,-0.9101270014734126,-1.8256969906117675,-1.3521998910602564
GGAGCAGCGTAA,-0.9937573044357348,-0.5791337824319881,-0.9639996887780488,-0.9689831392089252
GCCATTTCTTTC,-0.6072971134471273,-0.6221684146571901,0.14768052926781855,0.05610120374453721
CACAGTCCTAAG,0.006242695564265075,-0.020539484885116158,0.5690729712707635,0.5501026170542734
AACCCGCAGAGT,-0.329549406358928,,0.07739299638017615,
GCGACTCAGAAA,,-1.431918651112536,,
ACCGATTGGTGT,,-1.3388016271216188,,
CGAAATGCGCGT,-1.6927273087717536,-1.3260273390851898,,
GGGCTGACAATA,-1.1924143913901577,-1.0140573573571958,-1.7103035719096982,-0.9953120779312744
AGTGATGGACAA,-0.4087306524065528,-1.3572850328156318,,-1.1962269207119878
GATAACGCTGAC,,-1.1811937737599507,,
ATCCCGAACTAG,,,,
CATTAACGCTTC,-0.8176660453800536,,,
TCCTAGGCGTGT,-1.8858519071262152,-1.5898576478237614,,
GAAGATAGCGCG,,,,
ACGTACTAATGG,,,-1.0889384253863488,-0.6221956529842688
TAGTTGCATGCG,-1.7380502875584112,-1.9502016447037245,,
GTCTTCGGAGTA,-1.169848563491416,-0.9982630901739641,-1.0889384253863488,
GAGGAAGGAAGC,,,,
CTGAAGTCGATG,-1.6749985418113216,,,
AACTAGTTTGCG,,,,
ATGCGGAAATGC,,,,
GATCGCGACATG,-2.097561025391692,,,
ACGTACTGTGCG,,,,
CGTACACTTGAC,,-1.5898576478237614,,
CTTCATAGGACC,-0.6221462344860463,-1.0910171434108626,-1.6038482409954111,-1.2272611544519565
GATAGAGCTGAT,,-1.1434052128705507,,
CAGTGACTCTGC,0.11458217035310338,0.05864176116250869,-1.0153610568567226,-0.9178306167615438
TTGGCCTATTGA,,-1.1811937737599507,-1.0889384253863488,-1.1450743982646063
GATAATTCGCAG,,-0.9064927168183186,-0.9128471663306676,-1.584407092094869
GTCCAACATCTT,,-0.8801637780959694,,
ACGAGAGGAACT,-0.19332965934093901,-0.6972330945099827,-0.8256969906117675,-0.8617731695610568
CCGGTGGTTATT,-0.3422119500278541,-0.2781037867680071,-0.0061530550698987285,0.00874046607992272
CAAGCTTACAGG,,,0.7306055101555198,0.5455068653651243
GCAAGTATAGCT,,,,
TGAGACAATGCA,,,-0.5594291012069982,-0.9109911922312384
CCCATACCTCGT,-1.9022423233143848,-1.9215564632541944,,
TGGTCCAAGCGT,,,,
AAGAGCGCATAC,,,,
CACCGCTAAACG,,,1.4855782336367704,1.6342596794010031
TTCCTGCCGTTT,-1.0544551447893464,-0.4541950458236883,0.6143529527323125,0.4914571041414996
CACGTGAAATGC,,-0.8521350544957258,-0.6496057315560863,-1.6340948762839766
CGAAGAGACACC,-1.5122712443136224,,,
GTAGGATGGTGC,-0.5166360497160725,-0.4322007521175204,-0.3545660995812924,-0.41070207245955
GCCGTGATACTG,,,,
CTGAGACGGACT,,-1.0314314534266185,,-1.0511698953962751
GAACGATTGAGA,-1.274583914011429,-1.2442455195070397,-0.9355719807841912,-1.372318179767669
CTCTAGTGGTTC,,,,
GAATGTTTGCCT,,-1.6205264675902131,,
GCGCTGATTTAG,,-0.7174364805982697,,-1.584407092094869
GTTTAGTACGTG,-1.060704094066348,-0.7671242647873772,-1.1502080821252716,-0.9689831392089252
ACTTATCAGCAG,-1.3554851404533277,-0.8117063974401177,,
CACCCTACGAGT,,-1.0314314534266185,,
ACGCACTTTCCG,,,,
GCGCTCTATTAA,,,,
ACAAATTGCCAG,-1.4660260563609853,-1.3532450550138921,-0.8434257575721991,-0.5693433456589931
CACCAGTACGAA,,-1.2992930858379452,,
AACCGTGACTAA,,-1.3920471390748437,,
GAGTACAGAGCG,,-1.0910171434108626,,
CTCACTCTGATG,,,,
TCGAATCGTGGG,-0.6627640853943105,-0.9064927168183186,,
CAACACCGGACT,,,,
CCACAGGACACA,,-1.3044327254903565,,
ACCGCTACGTAG,-0.04880487076664033,0.33975047174318723,0.380357491821357,0.6890282574481874
AGAGCAGCATAT,-1.6065411611554703,-1.3388016271216188,-0.43751681922888597,-0.8293211457799188
TGTATTCGCGTT,,,,
CAATTGGGTGCA,-1.03514998959396,-0.8221718311182827,-1.4625190881989418,-1.5973720692592366
TGTGGGAGCATC,-0.23263939335087155,-0.18419928389967594,0.6188682301521722,0.6628532419888009
GTCTATGGACCG,,-1.0562550371516506,,
ACCACGTGAAGG,,,,
TAGCGACTTCTT,-1.169848563491416,,,
TAAGTAGCCGAG,,-1.4084375552630133,0.06442801921580862,-0.4868984649577125
GACTGACTTCTG,,-1.153165050159707,,
GAATAGCACGGA,,,,
CATACCACCTCG,-0.5580287348742975,-0.3750137997760634,,-1.1798365045238184
CATACCCACTCC,,-1.3194964719262319,,
ATGATATGCCAG,,,,
ATGAGTAATCCC,,,,
GCACCTTTGCCT,,-1.0739838041120822,,
GACCCGTAGAAG,-0.5378253487860105,-0.3750137997760634,-0.12672698627574866,0.08386916811635063
TGAAGAGGCATC,,,-1.1614890925349606,
GGATAGGTTGGA,,,-1.6386103472546232,
CGTCAACCGTAT,0.7843939459479088,0.6617090072486764,0.6140999410840827,0.4314314885909679
GACGTCAGGACT,-0.8968472914276784,-0.7094675509269944,-1.38996842105033,
TTCTTCGGGAAG,,-1.107407559599032,,
TAGGCTACGCAC,,-1.8283321398231007,,
CAACTCTGCATC,2.5223812722813395,2.5916611368137445,2.1231671902535547,2.01823609069908
ATATGCTATGCC,-1.5252362214779898,-1.3061325103682506,,-1.4972569163759688
ACAGCGAGCAAG,-1.4708785591553972,-1.5681383981305248,,-1.7982869120399498
TGACGAACGATT,,-1.232346296207332,,
AGGCCTACATAA,0.08754763524174547,0.16905424457421225,-0.12133195438904246,-0.09692738595695023
AGAGCGTGGACT,-1.4087306524065528,-1.4955877309819132,,
TATGTTAGGGCC,,,,
TGAGTCTGAACT,,,,
GAATGCTGTCAG,-1.1398853401139728,,,-1.0870824512869195
AGCACGTCGAGA,-0.2569987392103163,-0.772953808448101,-0.8714544811724425,-0.9867119061693568
GTTTGTACACTG,-1.0906673174437913,-0.8801637780959695,,
TGGAAGCGCATA,,-1.0681542604513583,,
CACAGGAGCTCT,,,-0.4868784340583864,-0.15304332793588166
ACGTTGATGTTG,-1.7930978538893163,-1.2992930858379452,-0.8045076915418293,-1.2120211878952196
TTGACCGTGCTG,,,0.8767335458337578,0.9634906254682282
TTGCAGGGACAC,,-1.4242318224462451,,
AAGACGGCAACT,,,,
ATGACTTTGCTC,,-1.0377716314576375,,
GCGTGTCTCACA,-1.6372099809219225,-1.4822237694239315,,
TGTAAGCAACGC,,,,
CGAAACGTAGTT,-1.1398853401139728,,,
TCTCACTGAGGC,-0.6372099809219223,-0.16613002732407472,-0.7317924877434363,-0.24198441127266276
GCGGATTAGCCA,-1.3554851404533277,-1.3920471390748437,,
TGCGGGACTAAG,-2.033171423611872,,,
GATAGCTGTCAC,,,,
ATAGTAGGAGCC,,,,
TAGGGAGAATGT,-0.8066706610785904,-0.8221718311182827,-1.3412764971506057,-1.329134586991563
CCTTGCATTCGA,0.5392217677489285,0.4343686879716589,0.17969804127493874,0.3978641409446994
AATACTGCTCAG,-1.5252362214779898,,,
TACCGGCGCTAA,-0.41058265726814624,-0.4541950458236884,-0.32224679716975585,-0.667953143544944
GTTGAGGTCATC,-0.6817319244702904,-0.4776761416732112,-0.5376319721121537,-0.5632177930249309
CACTCGGCTAGT,,-0.6460805720626014,-0.3028182453314298,0.04805020008985526
TTGCAGAGGACT,-1.6065411611554703,-1.6205264675902131,,
GTTAGCGCTGTC,,,,
ACACACTGTTGC,,-2.010497546590976,,
CTGGACGAATCG,,-1.0681542604513583,,
AGCTAAGATGGT,,-1.2442455195070397,-1.208913742463099,
GACTCTAGCTTG,-1.03514998959396,-1.153165050159707,-0.4812013011666959,-1.0436167575058293
GTACATCGCTCG,,-1.6003230815019265,,
TGTCGTTTGCCA,,-1.107407559599032,,
CTCACTCCTAGG,,-0.5791337824319882,,-1.4083158330391878
AGTCAAGGGTAT,,-1.6003230815019265,,
GCTAGACCGTCT,-0.41288661217771055,-0.9471105677265824,-0.5246669949477862,-0.6010063539143308
GAGGTAACGCCA,,-1.0184664762622508,,
GGATTCGAGACA,,,,
GACATGGATCTT,,,,
GCTCCTGTCGAT,,,-0.9128471663306676,
GCAAGAGTTGCG,,,,
TAATGAGCCCTG,,-1.0184664762622508,,
GCTGCGAACAAC,-1.8688185678274352,-1.8578873833848173,,
CGATGAGATACA,,-0.8616803724019562,,
TTCCGTAGATAC,-1.014946603505673,-0.9313163005433508,,-1.3881124469509007
AGACTTTGACTG,,-1.4822237694239315,,
AGAGCAGTAAGG,,,,
CTCACGACAACG,,-1.0652098798045773,,
GATCGGAGCTAA,0.06991177543364246,0.2447749585123305,-0.4998434112227541,-0.08816954692813365
AAACGGGTATGA,-1.9575451317812902,-1.5413452215425885,,
CCAAGTTGAGTG,,,,-1.1450743982646063
TAGCTGCGTTAA,,,,
GTACTCCTTCGA,-0.8066706610785904,,-0.6909984167143113,-0.8293211457799188
TAAAGCAGCGCG,2.054863749780448,1.7727269168562725,1.6571765929969864,1.4747383204376805
CTGATATCCTCG,-1.5619590285027298,-1.5568573877208358,,
GACCAGTGTTTC,,-1.0739838041120822,,
AGGATGGTACAC,-1.7013274805336709,-1.7552250414876696,,
ACACAGCAGCTG,,-1.4242318224462451,-1.6273293368449342,
TAGAAGACCGGA,,-0.8801637780959695,-1.5526957185480297,
CCTTTCACACTG,-0.7719085548193785,,,
CTCACAGATGTC,,-1.2075227124822998,,
TGCTACCACCAA,,-1.7134702933806685,,
GTTCTCTTGCAG,,,,-0.8062558417112254
GTTCGTGGTGCT,,,,
CCAGATCTGGAT,,,,
GCATTGCAATCT,,,,
GGCCAATGCACT,-1.1077006567425716,-1.0562550371516506,-0.8008734068867353,-1.543014406936644
TTGACTCAGGCG,,-1.0910171434108626,,
ATGGAGACGAAT,-1.3361799852579408,,,
CCATAGTCCTAA,,-1.2781037867680072,,
CCGGTAGATCAG,,,-0.26939448984448017,-0.1685554941141292
ACATCCATGCGA,,-1.439471789002982,-1.6157474642951188,
TCCTGATTTGTG,,,-1.223636999283805,
TACGTCGGAACC,,,,
TCGTGAGGCTGA,,,,
CTCGAGTTTGGA,,,,
GGTCATGTAGAC,,-1.3920471390748437,,
CAGGATCTCGAT,-0.9937573044357348,,,
CGAAGGACAACC,,,,
GTCGATTTGTGT,,-1.3920471390748437,,
CAACCGATGGTA,-1.9332765570543533,-1.2615045249485453,,
ACTCCACCTAAT,,,,
GTAGAGCACATT,,,,
CGCTAAACCCAA,-1.124091072930741,-1.2558273920568548,,
CGCGCCTAACAT,-0.9714809097245828,-0.7899871477468814,,-1.3130477670981082
GTCCAGTGAATG,0.4041827042363028,0.34877978828498746,0.5593131339816074,0.7246673561484821
ACATGAGTCCGG,,,,
TGATTTGGCGTT,,,,
CATACGTGGAAG,,-0.9770737911040258,,
ACCTTCCATTAC,-1.94799981387506,-1.0249973434212087,-0.27602506874349325,-0.2999763582503495
CCTTAGCAGCGA,,,,
CAGTATCTTGGC,-0.6817319244702904,-0.4429140354139993,-1.2864278291432605,-0.7889968362697197
CTGGAGACATTG,-1.656515136117309,,,
GATGTCCCAAAT,-1.6221462344860464,-1.3414907656324,-0.9789253667079444,-1.1540292409175328
GTAGGAAGCCAC,-1.0729385504833595,-0.8935277396539509,,
AGATGCGACACC,-1.03514998959396,-0.4776761416732112,,
CTCTAGGACACA,-0.8968472914276784,-0.7040725190402881,-0.6215770079558426,-0.4083158330391877
TGGTCGGATACC,,-1.0562550371516506,,
GGAGAGGAATTT,,-1.545275515171021,,
AGGGTAGCTTGT,,,,
CGATATGCTACT,-0.8688185678274348,-1.0184664762622508,,
TTGAGGATCGGG,-0.09586851112959907,-0.16706365967626605,-0.0373265750464377,-0.06589315221698153
GGTGTGTTTACT,0.8095046665309399,0.8554351216022105,0.08373317441119524,-0.11704567466436287
TCCCGCATAATG,,,,
CACACAGCACAG,-1.329549406358928,-0.9623505342833196,,
ACAGTCAGCATT,,-1.7013496607048149,,
CAGCTTGCAAAT,-1.4635793204138978,-0.9598473891295152,,
TCCTCTTCCTAC,,,-1.5389074340623965,
GGACCCATTGCT,,,,
AACGAAGGCGAT,-0.4286808793609425,-0.2665219142181919,-0.3369938633422898,-0.444089102693262
ATCCGCTACTCG,,-0.4541950458236883,-1.1019034025507164,
CTGTACGAGAAG,,-1.5211418354543014,,
TACATACTGCTG,,,,
ACTACACCCTAA,-1.169848563491416,-0.8521350544957259,,
AAGTCGCCTGTG,,-1.3388016271216188,,
AGGCTCCGTAGT,,,,
ATCTAAGGTGCA,-0.4330899982659975,,,
GAGCCTGTCGAA,,-0.6902842345546549,,
ACTCGAGCTTGT,-0.7571852979986721,-0.7694654806022797,-0.32054701229186144,-0.21202118789521954
GGAGTAGTGGAT,,-1.5085527081462808,,
ACCCAGCGAAGT,,-1.7094675509269943,,
GAACGCGTAAGT,1.140272609619235,,1.1308867346424598,1.1735850857030927
CGTACGCTGAAT,,,,
AGCTAGATGCTG,-0.7719085548193785,-0.5791337824319882,-0.8926437802423807,-0.7153777934730821
CACTTCTGTACT,,,,
CTGCTGGAGCTT,-1.6170065948336354,-1.5085527081462808,,
ATGCCACCGTAT,,-0.8801637780959694,,
GTCATACGGCCT,-0.4708785591553973,-0.3506544539166188,-0.9853978334792792,-0.9867119061693568
CTTGTACGCATC,,-1.0184664762622508,,
AGACTCTCCACA,,,,
TGCATGCACCTG,,,,
TCGTTGTACACA,-0.6927273087717536,-0.9149258843551812,-0.5246669949477862,-0.4760676173060308
ACTAGTTCGTTC,,,,
TATACGAGTGGA,-1.03514998959396,-1.2992930858379452,,-1.1798365045238182
AGACGTGCATGT,-2.0271810599226847,-2.048955798410151,,
TCGAGCACTATA,0.05044635805631854,0.2812042241390055,0.9635702646773374,0.8234085502893288
TCTGTATGCATC,,,,
ATAGTTAGTGGC,-1.4708785591553972,-0.7552250414876694,-1.494703771570343,-1.3983316121325868
ATTGAGTATGGG,-1.0481149667583276,-1.5568573877208358,-1.5526957185480297,
ATAGCGTGCATT,-0.18655425699426875,-0.2938980539512389,-0.5481480907973091,-0.6843435597331133
CATCACTCCAAC,-0.5480445139676966,-0.30913802050797584,-1.0967637628983051,
AGTGTTGATCGA,,-1.5681383981305248,,
CCCTAACACTGA,0.1823339546199464,0.5414401487738617,,
CTTACTGTATCC,-1.94799981387506,-1.2940918921521374,,
GGTGCCGCTATA,-0.7719085548193785,-1.232346296207332,,
ATTCCAAGCCTG,,,,
TAGGCTCAATCG,,-0.9313163005433508,-1.3592996012838778,-1.032034884956014
TGCTCGGATCGT,0.0062426955642651705,-0.13468164446569394,-1.3697650349620432,-0.9467067444977728
TGAACGTCCCAG,,,-0.2816289462614918,-0.6679531435449438
CGCGACACATTT,-0.7097606480705341,,-1.0328224834074176,-0.5887718974973191
TGCGCGTATAAC,,-1.123201826782264,,
ACTGCTTCGCTC,,-1.3572850328156318,,
TGGGTACATCGA,-0.7953896506689014,-0.19892254072038226,0.31013922501520425,0.451845953410945
TCCAAGAGTACT,0.7395816015315465,0.6935626145880579,0.943046791250045,0.9103039331103936
AGAAGGTGGCAA,,,,
GGTCTCCCAACT,0.7445224339102166,0.9122279114022844,0.646828512418746,0.7944448543540121
ATAAGGCATACC,,,-0.14445575323618018,-0.3291345869915629
ATTAGAGCACGT,,-0.9313163005433508,,
TGAGTCACACGT,,,0.2332808693475704,0.05061241685445563
AACATGGTCCGG,-1.7571852979986722,-1.2852823713951305,,-1.5909379592538269
AGCGTCATCTCT,,,,
ATTACACCTTCC,,-1.3388016271216188,-1.1936737759063618,
GCTCCCAATGCT,-1.9382399765859035,,,
GTCGACAAGCTC,-1.0818933931362862,-1.7174364805982698,,
TCCCATCACAAC,,-0.8616803724019562,,
CCTAGTGGTTGT,-0.8176660453800536,-1.2671084024665438,-1.6038482409954111,-1.584407092094869
AGCGGGTAATGA,,-0.9982630901739641,,
GTGAGACCAACT,-1.169848563491416,-1.6205264675902131,-1.4625190881989418,
TCGAGAACCACG,-1.2242062258140087,-0.9547973963928736,,
TCCTGAGGAGTT,,,,-1.0436167575058293
GCGCTCCTTGAA,-1.03514998959396,-0.5791337824319881,-1.223636999283805,-0.6099611965672572
AAGGGACGAAAT,-0.9937573044357348,,,
CTCCTTCAGTCT,0.7660483458974137,0.7572652999979799,0.7248910266310904,0.5952882912296374
GGAACGAATGCT,,-1.3920471390748437,,
CCTGTTCCCAAT,0.6246931030803969,0.7937782205381184,0.9212962777814896,
CCCTATTGTACT,,-0.9313163005433508,-1.0328224834074176,-1.2963420735952556
GCGACATGACTG,,,,
ATAGACGGATGA,,-1.0739838041120822,,-1.5710431305368877
GAATGATTGACC,1.07898983160648,1.1021074549435992,1.1421183260168313,1.011893888839038
GAGAATGGTTCT,-1.345939822547097,-0.8643695109127375,,-1.878806508859837
ACACGGATATGC,-1.014946603505673,-0.6302863048793695,,-0.8617731695610568
GCAACTTCTGGG,,,-0.4812013011666959,-0.2877419018333378
CAGGTGTACGAA,-0.4496892600854593,-0.5633395152487564,-1.4029333982146976,
GTCACATGCTGA,-0.3617340897303292,-0.8616803724019562,0.3187509869484489,0.19980888110525669
GCAGAACGTTGC,,,,
CGAATAGGAGAC,,,,
CCATAGTGAGCG,-0.4561553023346909,0.12438384965475124,-0.2072465830956356,0.018427733483054404
ATCTGGTCTTCG,,,,-1.2120211878952196
GCCTCGTAACAG,,-1.3920471390748437,,
TGAAGATGAGGT,-1.315976599169654,-0.7815539802100187,,-1.7093458287031689
GTCCAAATGACT,-1.456155302334691,-0.8578873833848172,-1.0889384253863488,-1.4808665001877994
ACGTATAGGAAG,,,,
CGTCGAACAGAA,-0.6408956704988853,-0.6986096233387861,-0.9963932177807424,-1.081881257601112
TCTAGTCCTTCT,,-1.9013530771659075,,
GACTGCATGCGA,,,,
TGTATGCCCACA,,-0.9697745523625264,,
GGACTCTTTAAG,,-1.123201826782264,,
GCTGAATGAGTC,-1.345939822547097,-0.9660784068025626,,-1.737991010152699
TCCGGTAGACAG,,,,
TAAGGCTGGCTG,,-2.187927156418919,,
CTGCGAACTCTG,,,,
TTGGATGCCACA,,,,
CGACACTCTTCG,-0.7571852979986721,-0.8009825320483446,,
CTGTGTACAGGG,-1.2490298095390409,-1.4613736304508118,,-1.2700131348729062
GCTGTACTCCGT,0.38994226512169256,0.4883090603443924,-1.6909984167143113,-1.296342073595255
CTGTTGTGCTGA,,-1.5211418354543014,,
ATACTCTCCGTT,-1.124091072930741,-1.3920471390748437,,
CGATGACGAAAG,,,,
TATGGTCGTCAC,,,,-1.2963420735952556
CATGCAATCTTG,,,,
AGTTACCCATGG,,-0.7787061373371923,-1.223636999283805,-1.1265909925705933
TCGATCGGCTCT,-0.8688185678274348,-1.0910171434108626,-0.26939448984448017,
ATCAAGTCCACG,,,,
TAGATCCAGAGC,-0.8388553444499917,-0.9313163005433508,-0.7465157445641426,
TTCCAGTTTGTG,,-1.5085527081462808,,-1.0870824512869195
AGTTGATTTCGG,,,,
TGAAGACACGAG,,,,
GCATGAAGATGA,,-1.7405017846669633,,-1.3669231478809627
GATCAACGACCA,,,-1.5660596801060112,
GCACGTTGCATA,,-1.0184664762622508,,
GTCCAGGATGTG,-1.5252362214779898,-1.5211418354543014,,
ATAGCACGAACG,-0.9316093976868904,-0.2781037867680071,0.1320620925503946,0.07641968046074114
CTGTGAGTACCG,-1.315976599169654,-1.28882765215978,,
ACGGCTGAATCT,,-1.2075227124822998,0.12854551882755744,0.3625361786029565
CTTGCTAGGCCA,-2.104347014734984,-1.5530309798677833,-1.904878236659392,-2.000391603460549
AGATGAGTGCGA,-1.40029748486969,-1.20108860247689,-1.1502080821252716,-1.5973720692592366
AATCGAGGTGGG,,-0.7552250414876694,,
CGTTGAACCTGC,-0.7507192557494404,-0.4797491502960764,-0.4947037715703431,-0.3186184683064077
CTCCGTATCTCT,-1.3916973131077726,,,
TAGACTATGCCG,-1.060704094066348,-0.8891186207488959,-1.2693944898444802,
CGAGGTCAATAG,-1.982761920134272,-1.466094269123396,,-2.1557982636563797
CTTTCGTCGACT,-2.2392699722498848,-1.6322122259154082,-1.6603295969478593,-1.3932520866033118
GCTGCGTAAAGA,,,,
ACTTGGCTTCAC,,,,
AACGAAACCGCG,-1.0729385504833595,-0.4084375552630132,,
AATCGGAGGTGG,-1.6839533844642485,-1.2615045249485453,-1.6810141958077105,-1.3559277635794995
CGTCGATCTATA,,,,
TCGGCTGTGGTA,,-1.2403152258786072,-1.7007582540034674,
